FIPS,Geography,Year,chlamydia_cases,congenital_syphilis_cases,"early_non-primary,_non-secondary_syphilis_cases",gonorrhea_cases,primary_and_secondary_syphilis_cases,chlamydia_rate_per_100000,congenital_syphilis_rate_per_100000,"early_non-primary,_non-secondary_syphilis_rate_per_100000",gonorrhea_rate_per_100000,primary_and_secondary_syphilis_rate_per_100000,households_living_below_the_federal_poverty_level_numerator,population_25_years_and_older_w/o_hs_diploma_numerator,uninsured_numerator,vacant_housing_numerator,households_living_below_the_federal_poverty_level_percent,population_25_years_and_older_w/o_hs_diploma_percent,uninsured_percent,vacant_housing_percent
1,Alabama,2000,15323.0,8.0,219.0,12063.0,123.0,344.2,12.6,4.9,271.0,2.8,,,,,,,,
1,Alabama,2001,14524.0,10.0,192.0,11182.0,142.0,325.4,16.5,4.3,250.5,3.2,,,,,,,,
1,Alabama,2002,15611.0,6.0,211.0,10118.0,149.0,349.1,10.2,4.7,226.3,3.3,,,,,,,,
1,Alabama,2003,14209.0,4.0,140.0,9303.0,114.0,316.5,6.7,3.1,207.2,2.5,,,,,,,,
1,Alabama,2004,13314.0,11.0,231.0,8206.0,165.0,295.2,18.5,5.1,181.9,3.7,,,,,,,,
1,Alabama,2005,17109.0,5.0,184.0,9406.0,169.0,376.6,8.3,4.1,207.0,3.7,,,,,,,,
1,Alabama,2006,22915.0,9.0,341.0,10665.0,319.0,498.7,14.2,7.4,232.1,6.9,,,,,,,,
1,Alabama,2007,25153.0,9.0,363.0,10885.0,380.0,542.8,13.9,7.8,234.9,8.2,,,,,,,,
1,Alabama,2008,24760.0,12.0,440.0,9740.0,449.0,529.8,18.6,9.4,208.4,9.6,,,,,,,,
1,Alabama,2009,25929.0,13.0,419.0,7498.0,417.0,550.8,20.8,8.9,159.3,8.9,,,,,,,,
1,Alabama,2010,27041.0,9.0,277.0,7933.0,260.0,565.1,15.0,5.8,165.8,5.4,,,,,,,,
1,Alabama,2011,29626.0,10.0,268.0,9132.0,228.0,617.3,16.8,5.6,190.3,4.8,,,,,14.9,17.3,14.3,15.5
1,Alabama,2012,30621.0,4.0,237.0,9270.0,216.0,635.9,6.8,4.9,192.5,4.5,,,,,14.7,16.0,13.3,15.7
1,Alabama,2013,29464.0,2.0,202.0,8377.0,183.0,610.0,3.4,4.2,173.4,3.8,,,,,14.3,15.5,13.6,16.8
1,Alabama,2014,29010.0,3.0,144.0,7677.0,161.0,599.2,5.0,3.0,158.6,3.3,,,,,15.0,15.3,12.1,16.6
1,Alabama,2015,26359.0,3.0,177.0,7196.0,280.0,543.2,5.0,3.6,148.3,5.8,,,,,13.7,15.1,10.1,16.8
1,Alabama,2016,26901.0,4.0,293.0,8408.0,376.0,553.1,6.8,6.0,172.9,7.7,,,,,12.7,14.9,9.1,16.9
1,Alabama,2017,29935.0,6.0,425.0,11948.0,424.0,614.1,10.2,8.7,245.1,8.7,,,,,12.8,13.5,9.4,18.5
1,Alabama,2018,28437.0,7.0,447.0,12742.0,477.0,581.8,12.1,9.1,260.7,9.8,,,,,12.2,13.4,10.0,18.4
1,Alabama,2019,31228.0,15.0,540.0,14492.0,618.0,636.9,25.6,11.0,295.6,12.6,,,,,11.2,12.9,9.7,17.0
1,Alabama,2020,27075.0,21.0,479.0,14426.0,529.0,538.8,36.4,9.5,287.1,10.5,,,,,9.8,12.0,9.7,17.7
1,Alabama,2021,31507.0,37.0,676.0,16191.0,761.0,625.2,63.7,13.4,321.3,15.1,,,,,11.7,12.1,9.9,15.0
2,Alaska,2000,2569.0,0.0,1.0,361.0,0.0,409.2,0.0,0.2,57.5,0.0,,,,,,,,
2,Alaska,2001,2744.0,0.0,0.0,457.0,0.0,433.1,0.0,0.0,72.1,0.0,,,,,,,,
2,Alaska,2002,3806.0,0.0,1.0,641.0,0.0,592.9,0.0,0.2,99.8,0.0,,,,,,,,
2,Alaska,2003,3900.0,0.0,0.0,573.0,1.0,602.2,0.0,0.0,88.5,0.2,,,,,,,,
2,Alaska,2004,3954.0,0.0,1.0,567.0,8.0,599.7,0.0,0.2,86.0,1.2,,,,,,,,
2,Alaska,2005,4355.0,0.0,8.0,600.0,9.0,652.8,0.0,1.2,89.9,1.3,,,,,,,,
2,Alaska,2006,4525.0,0.0,6.0,630.0,11.0,670.1,0.0,0.9,93.3,1.6,,,,,,,,
2,Alaska,2007,4911.0,0.0,3.0,579.0,7.0,722.3,0.0,0.4,85.2,1.0,,,,,,,,
2,Alaska,2008,4861.0,0.0,2.0,578.0,1.0,709.1,0.0,0.3,84.3,0.1,,,,,,,,
2,Alaska,2009,5166.0,0.0,0.0,990.0,0.0,743.6,0.0,0.0,142.5,0.0,,,,,,,,
2,Alaska,2010,6019.0,0.0,5.0,1273.0,3.0,843.1,0.0,0.7,178.3,0.4,,,,,,,,
2,Alaska,2011,5739.0,0.0,3.0,984.0,5.0,794.7,0.0,0.4,136.3,0.7,,,,,6.9,8.3,20.1,17.3
2,Alaska,2012,5462.0,1.0,8.0,726.0,11.0,747.8,8.9,1.1,99.4,1.5,,,,,7.5,8.0,20.5,18.2
2,Alaska,2013,5774.0,1.0,8.0,1128.0,23.0,783.4,8.7,1.1,153.0,3.1,,,,,5.9,8.4,18.5,20.0
2,Alaska,2014,5789.0,0.0,25.0,1341.0,15.0,786.2,0.0,3.4,182.1,2.0,,,,,7.9,7.1,17.2,19.1
2,Alaska,2015,5660.0,0.0,13.0,1113.0,8.0,767.5,0.0,1.8,150.9,1.1,,,,,7.0,7.4,14.9,19.2
2,Alaska,2016,5698.0,0.0,13.0,1454.0,8.0,768.5,0.0,1.8,196.1,1.1,,,,,6.7,6.9,14.0,20.0
2,Alaska,2017,5934.0,0.0,9.0,2189.0,13.0,802.2,0.0,1.2,295.9,1.8,,,,,7.4,8.4,13.7,20.9
2,Alaska,2018,6159.0,1.0,41.0,2247.0,55.0,837.8,9.9,5.6,305.7,7.5,,,,,7.5,6.7,12.6,20.0
2,Alaska,2019,6254.0,0.0,78.0,2213.0,129.0,854.9,0.0,10.7,302.5,17.6,,,,,6.6,6.4,12.2,21.2
2,Alaska,2020,5090.0,8.0,130.0,1982.0,176.0,694.9,84.5,17.7,270.6,24.0,,,,,5.6,6.3,11.6,20.5
2,Alaska,2021,5571.0,5.0,132.0,1977.0,194.0,760.4,53.4,18.0,269.8,26.5,,,,,7.1,6.7,11.4,17.3
4,Arizona,2000,12612.0,27.0,248.0,4136.0,189.0,244.1,31.7,4.8,80.1,3.7,,,,,,,,
4,Arizona,2001,14354.0,31.0,266.0,3923.0,180.0,270.6,36.2,5.0,74.0,3.4,,,,,,,,
4,Arizona,2002,14921.0,20.0,200.0,3779.0,200.0,273.7,22.8,3.7,69.3,3.7,,,,,,,,
4,Arizona,2003,12819.0,29.0,232.0,3580.0,186.0,229.3,31.9,4.1,64.0,3.3,,,,,,,,
4,Arizona,2004,16786.0,26.0,219.0,4065.0,157.0,291.5,27.8,3.8,70.6,2.7,,,,,,,,
4,Arizona,2005,21264.0,28.0,134.0,4951.0,175.0,355.9,29.1,2.2,82.9,2.9,,,,,,,,
4,Arizona,2006,24090.0,16.0,186.0,5949.0,203.0,389.1,15.6,3.0,96.1,3.3,,,,,,,,
4,Arizona,2007,24866.0,30.0,269.0,5062.0,296.0,391.0,29.1,4.2,79.6,4.7,,,,,,,,
4,Arizona,2008,24769.0,30.0,258.0,3449.0,317.0,381.1,30.2,4.0,53.1,4.9,,,,,,,,
4,Arizona,2009,26002.0,28.0,196.0,3250.0,231.0,394.7,30.2,3.0,49.3,3.5,,,,,,,,
4,Arizona,2010,26861.0,16.0,166.0,3249.0,230.0,419.2,18.3,2.6,50.7,3.6,,,,,,,,
4,Arizona,2011,29251.0,15.0,187.0,4564.0,274.0,451.9,17.5,2.9,70.5,4.2,,,,,14.1,14.3,17.2,17.7
4,Arizona,2012,30444.0,14.0,147.0,5809.0,202.0,464.4,16.2,2.2,88.6,3.1,,,,,13.6,14.3,17.6,16.7
4,Arizona,2013,30564.0,14.0,207.0,6412.0,287.0,460.8,16.4,3.1,96.7,4.3,,,,,13.6,14.1,17.1,17.0
4,Arizona,2014,32397.0,13.0,311.0,7750.0,577.0,481.4,15.0,4.6,115.1,8.6,,,,,13.2,13.9,13.6,16.5
4,Arizona,2015,32387.0,14.0,361.0,8245.0,589.0,474.2,16.4,5.3,120.7,8.6,,,,,12.5,13.9,10.8,15.9
4,Arizona,2016,34923.0,17.0,488.0,10330.0,721.0,503.1,20.1,7.0,148.8,10.4,,,,,11.9,13.2,10.0,14.9
4,Arizona,2017,39598.0,32.0,620.0,12502.0,943.0,562.2,39.1,8.8,177.5,13.4,,,,,10.7,12.8,10.1,14.9
4,Arizona,2018,40807.0,61.0,898.0,12870.0,1047.0,570.1,75.6,12.5,179.8,14.6,,,,,9.9,12.5,10.6,13.9
4,Arizona,2019,43058.0,109.0,1179.0,15180.0,1290.0,591.6,137.3,16.2,208.6,17.7,,,,,9.5,12.4,11.3,13.2
4,Arizona,2020,37289.0,121.0,1249.0,16342.0,1454.0,519.5,157.3,17.4,227.7,20.3,,,,,8.8,10.9,11.2,11.1
4,Arizona,2021,41498.0,181.0,1476.0,18426.0,1982.0,570.3,232.3,20.3,253.2,27.2,,,,,9.1,11.0,10.7,10.2
5,Arkansas,2000,6219.0,15.0,117.0,3642.0,104.0,232.2,39.7,4.4,136.0,3.9,,,,,,,,
5,Arkansas,2001,7280.0,6.0,60.0,4604.0,49.0,270.6,16.2,2.2,171.1,1.8,,,,,,,,
5,Arkansas,2002,7312.0,10.0,51.0,4584.0,34.0,270.4,26.7,1.9,169.5,1.3,,,,,,,,
5,Arkansas,2003,7856.0,2.0,71.0,4251.0,51.0,288.5,5.3,2.6,156.1,1.9,,,,,,,,
5,Arkansas,2004,7864.0,4.0,56.0,4137.0,47.0,286.4,10.4,2.0,150.6,1.7,,,,,,,,
5,Arkansas,2005,8507.0,7.0,48.0,4476.0,52.0,306.4,17.9,1.7,161.2,1.9,,,,,,,,
5,Arkansas,2006,8259.0,10.0,67.0,4306.0,77.0,293.4,24.4,2.4,153.0,2.7,,,,,,,,
5,Arkansas,2007,9954.0,12.0,115.0,4168.0,122.0,350.3,29.0,4.0,146.7,4.3,,,,,,,,
5,Arkansas,2008,14136.0,9.0,144.0,4514.0,206.0,493.0,22.1,5.0,157.4,7.2,,,,,,,,
5,Arkansas,2009,14354.0,10.0,172.0,4460.0,275.0,497.1,25.1,6.0,154.5,9.5,,,,,,,,
5,Arkansas,2010,15424.0,11.0,202.0,4769.0,205.0,527.9,28.5,6.9,163.2,7.0,,,,,,,,
5,Arkansas,2011,16052.0,15.0,167.0,4687.0,182.0,545.9,38.7,5.7,159.4,6.2,,,,,14.9,16.2,17.1,14.9
5,Arkansas,2012,16611.0,11.0,152.0,4307.0,173.0,562.7,28.7,5.1,145.9,5.9,,,,,14.6,15.2,16.4,13.9
5,Arkansas,2013,15447.0,12.0,163.0,4007.0,177.0,522.0,31.7,5.5,135.4,6.0,,,,,14.5,15.6,16.0,15.3
5,Arkansas,2014,15605.0,7.0,152.0,4539.0,121.0,525.9,18.2,5.1,153.0,4.1,,,,,13.8,14.6,11.8,15.6
5,Arkansas,2015,16166.0,5.0,216.0,4780.0,134.0,542.8,12.9,7.3,160.5,4.5,,,,,13.7,14.6,9.5,15.1
5,Arkansas,2016,16737.0,6.0,280.0,5732.0,150.0,559.8,15.7,9.4,191.7,5.0,,,,,12.4,14.0,7.9,15.7
5,Arkansas,2017,17320.0,8.0,328.0,6710.0,234.0,577.1,21.3,10.9,223.6,7.8,,,,,11.6,13.3,7.9,15.8
5,Arkansas,2018,17663.0,25.0,364.0,7300.0,288.0,586.9,67.5,12.1,242.5,9.6,,,,,12.7,12.8,8.2,16.2
5,Arkansas,2019,17196.0,21.0,267.0,6907.0,404.0,569.8,57.4,8.8,228.9,13.4,,,,,11.7,12.5,9.1,16.2
5,Arkansas,2020,16053.0,23.0,234.0,7857.0,502.0,532.9,65.2,7.8,260.8,16.7,,,,,11.0,11.8,8.5,15.4
5,Arkansas,2021,17936.0,50.0,527.0,8176.0,990.0,592.8,139.0,17.4,270.2,32.7,,,,,11.6,11.3,9.2,14.3
6,California,2000,95316.0,86.0,353.0,21595.0,325.0,280.4,16.2,1.0,63.5,1.0,,,,,,,,
6,California,2001,101915.0,63.0,408.0,23294.0,545.0,295.6,11.9,1.2,67.6,1.6,,,,,,,,
6,California,2002,110288.0,61.0,716.0,24606.0,1033.0,316.3,11.5,2.1,70.6,3.0,,,,,,,,
6,California,2003,117428.0,64.0,820.0,25963.0,1299.0,333.3,11.8,2.3,73.7,3.7,,,,,,,,
6,California,2004,122197.0,68.0,873.0,30155.0,1356.0,343.8,12.5,2.5,84.9,3.8,,,,,,,,
6,California,2005,130716.0,75.0,1153.0,34338.0,1585.0,365.4,13.7,3.2,96.0,4.4,,,,,,,,
6,California,2006,135827.0,69.0,1369.0,33740.0,1835.0,377.8,12.3,3.8,93.9,5.1,,,,,,,,
6,California,2007,141928.0,87.0,1421.0,31294.0,2038.0,392.2,15.4,3.9,86.5,5.6,,,,,,,,
6,California,2008,148798.0,64.0,1648.0,25787.0,2204.0,407.2,11.6,4.5,70.6,6.0,,,,,,,,
6,California,2009,146796.0,63.0,1621.0,23228.0,1900.0,398.0,12.0,4.4,63.0,5.2,,,,,,,,
6,California,2010,150443.0,39.0,1788.0,26441.0,2065.0,403.1,7.6,4.8,70.9,5.5,,,,,,,,
6,California,2011,166773.0,40.0,2030.0,27516.0,2443.0,443.1,8.0,5.4,73.1,6.5,,,,,12.4,18.9,18.1,9.1
6,California,2012,167695.0,35.0,2519.0,33579.0,2953.0,441.9,6.9,6.6,88.5,7.8,,,,,12.9,18.5,17.9,8.4
6,California,2013,167346.0,58.0,2844.0,38166.0,3532.0,437.4,11.7,7.4,99.8,9.2,,,,,12.6,18.3,17.2,8.3
6,California,2014,176308.0,102.0,3396.0,45408.0,3835.0,456.8,20.3,8.8,117.6,9.9,,,,,12.2,17.9,12.4,8.2
6,California,2015,189170.0,140.0,4435.0,54135.0,4908.0,486.1,28.5,11.4,139.1,12.6,,,,,11.3,17.8,8.6,7.8
6,California,2016,198155.0,207.0,5289.0,64551.0,5891.0,505.9,42.3,13.5,164.8,15.0,,,,,10.5,17.5,7.3,7.9
6,California,2017,218785.0,281.0,7028.0,75348.0,6708.0,555.9,59.6,17.9,191.4,17.0,,,,,9.6,16.7,7.2,8.3
6,California,2018,231415.0,329.0,7708.0,79192.0,7607.0,586.4,72.3,19.5,200.7,19.3,,,,,9.1,16.2,7.2,8.4
6,California,2019,236719.0,444.0,8284.0,80301.0,8266.0,599.1,99.4,21.0,203.2,20.9,,,,,8.2,16.0,7.7,8.4
6,California,2020,178679.0,481.0,7673.0,78444.0,7688.0,452.4,114.5,19.4,198.6,19.5,,,,,7.7,15.6,7.1,8.7
6,California,2021,191542.0,518.0,8504.0,91461.0,8724.0,488.2,123.2,21.7,233.1,22.2,,,,,9.0,15.6,7.0,7.5
8,Colorado,2000,12000.0,0.0,7.0,3112.0,11.0,277.2,0.0,0.2,71.9,0.3,,,,,,,,
8,Colorado,2001,13239.0,1.0,14.0,3190.0,23.0,298.7,1.5,0.3,72.0,0.5,,,,,,,,
8,Colorado,2002,14028.0,2.0,22.0,3511.0,64.0,311.5,2.9,0.5,78.0,1.4,,,,,,,,
8,Colorado,2003,13039.0,3.0,20.0,2854.0,39.0,286.8,4.3,0.4,62.8,0.9,,,,,,,,
8,Colorado,2004,14151.0,2.0,24.0,3054.0,63.0,307.9,2.9,0.5,66.5,1.4,,,,,,,,
8,Colorado,2005,15432.0,1.0,27.0,3224.0,46.0,331.5,1.5,0.6,69.2,1.0,,,,,,,,
8,Colorado,2006,16313.0,2.0,38.0,3695.0,69.0,343.6,2.8,0.8,77.8,1.5,,,,,,,,
8,Colorado,2007,17186.0,2.0,35.0,3376.0,57.0,355.3,2.8,0.7,69.8,1.2,,,,,,,,
8,Colorado,2008,19180.0,0.0,91.0,3757.0,128.0,389.2,0.0,1.8,76.2,2.6,,,,,,,,
8,Colorado,2009,19998.0,0.0,63.0,2823.0,105.0,398.8,0.0,1.3,56.3,2.1,,,,,,,,
8,Colorado,2010,19447.0,0.0,129.0,2787.0,138.0,385.3,0.0,2.6,55.2,2.7,,,,,,,,
8,Colorado,2011,21811.0,0.0,154.0,2363.0,133.0,425.9,0.0,3.0,46.1,2.6,,,,,9.1,9.8,15.1,11.2
8,Colorado,2012,21631.0,0.0,194.0,2822.0,208.0,416.6,0.0,3.7,54.3,4.0,,,,,9.3,9.4,14.7,10.5
8,Colorado,2013,20386.0,0.0,195.0,2820.0,163.0,386.9,0.0,3.7,53.5,3.1,,,,,8.7,9.5,14.1,10.9
8,Colorado,2014,21863.0,0.0,164.0,3170.0,186.0,408.6,0.0,3.1,59.3,3.5,,,,,8.0,9.4,10.3,10.4
8,Colorado,2015,23857.0,0.0,212.0,4387.0,245.0,437.7,0.0,3.9,80.5,4.5,,,,,7.6,8.8,8.1,10.2
8,Colorado,2016,25569.0,4.0,274.0,5975.0,250.0,461.6,6.0,4.9,107.9,4.5,,,,,7.0,8.5,7.5,9.8
8,Colorado,2017,26995.0,4.0,281.0,8478.0,292.0,481.0,6.2,5.0,151.1,5.2,,,,,6.7,8.4,7.5,10.3
8,Colorado,2018,29124.0,8.0,362.0,8894.0,337.0,511.7,12.7,6.4,156.3,5.9,,,,,6.2,8.2,7.5,10.2
8,Colorado,2019,29821.0,10.0,453.0,9572.0,486.0,517.8,15.9,7.9,166.2,8.4,,,,,5.8,7.6,8.0,9.3
8,Colorado,2020,26137.0,22.0,519.0,9686.0,640.0,451.9,35.8,9.0,167.5,11.1,,,,,5.4,7.3,8.4,9.5
8,Colorado,2021,26747.0,30.0,519.0,10596.0,772.0,460.2,47.7,8.9,182.3,13.3,,,,,6.2,7.6,8.0,9.0
9,Connecticut,2000,7604.0,1.0,9.0,2912.0,16.0,222.9,2.3,0.3,85.4,0.5,,,,,,,,
9,Connecticut,2001,7718.0,2.0,20.0,2546.0,12.0,225.1,4.7,0.6,74.3,0.4,,,,,,,,
9,Connecticut,2002,9808.0,0.0,13.0,3241.0,28.0,284.4,0.0,0.4,94.0,0.8,,,,,,,,
9,Connecticut,2003,9393.0,1.0,13.0,3114.0,30.0,270.8,2.3,0.4,89.8,0.9,,,,,,,,
9,Connecticut,2004,9552.0,0.0,16.0,2862.0,45.0,274.9,0.0,0.5,82.4,1.3,,,,,,,,
9,Connecticut,2005,11039.0,1.0,19.0,2750.0,58.0,317.5,2.4,0.5,79.1,1.7,,,,,,,,
9,Connecticut,2006,10946.0,0.0,27.0,2610.0,64.0,314.1,0.0,0.8,74.9,1.8,,,,,,,,
9,Connecticut,2007,11454.0,2.0,20.0,2327.0,39.0,328.4,4.8,0.6,66.7,1.1,,,,,,,,
9,Connecticut,2008,12519.0,2.0,28.0,2801.0,34.0,357.4,5.0,0.8,80.0,1.0,,,,,,,,
9,Connecticut,2009,12127.0,2.0,40.0,2558.0,65.0,345.0,5.1,1.1,72.8,1.8,,,,,,,,
9,Connecticut,2010,12649.0,2.0,51.0,2569.0,98.0,353.4,5.3,1.4,71.8,2.7,,,,,,,,
9,Connecticut,2011,13649.0,0.0,57.0,2449.0,65.0,380.4,0.0,1.6,68.2,1.8,,,,,7.9,10.9,8.8,9.5
9,Connecticut,2012,13065.0,0.0,52.0,2133.0,55.0,363.5,0.0,1.4,59.3,1.5,,,,,7.9,10.2,9.1,8.7
9,Connecticut,2013,12775.0,0.0,55.0,2860.0,56.0,355.4,0.0,1.5,79.6,1.6,,,,,7.6,10.4,9.4,10.0
9,Connecticut,2014,13382.0,0.0,62.0,2333.0,86.0,372.3,0.0,1.7,64.9,2.4,,,,,7.5,10.0,6.9,9.2
9,Connecticut,2015,13126.0,1.0,97.0,2088.0,92.0,365.9,2.8,2.7,58.2,2.6,,,,,7.4,9.8,6.0,10.2
9,Connecticut,2016,13911.0,0.0,84.0,2731.0,110.0,388.8,0.0,2.3,76.3,3.1,,,,,6.8,9.5,4.9,9.5
9,Connecticut,2017,17750.0,0.0,145.0,3913.0,110.0,496.7,0.0,4.1,109.5,3.1,,,,,6.4,9.6,5.5,10.6
9,Connecticut,2018,16732.0,2.0,77.0,4959.0,91.0,468.5,5.8,2.2,138.8,2.5,,,,,7.1,9.1,5.3,9.4
9,Connecticut,2019,15290.0,3.0,159.0,4418.0,210.0,428.9,8.8,4.5,123.9,5.9,,,,,6.8,9.3,5.9,9.7
9,Connecticut,2020,12716.0,2.0,207.0,4604.0,280.0,353.2,6.0,5.7,127.9,7.8,,,,,6.4,8.4,4.6,8.1
9,Connecticut,2021,14750.0,6.0,284.0,5405.0,329.0,409.1,16.8,7.9,149.9,9.1,,,,,6.7,8.9,5.2,7.0
10,Delaware,2000,2856.0,0.0,10.0,1735.0,9.0,363.2,0.0,1.3,220.6,1.1,,,,,,,,
10,Delaware,2001,2793.0,0.0,18.0,1733.0,14.0,351.3,0.0,2.3,218.0,1.8,,,,,,,,
10,Delaware,2002,2649.0,0.0,9.0,1576.0,11.0,329.2,0.0,1.1,195.9,1.4,,,,,,,,
10,Delaware,2003,3035.0,0.0,11.0,1128.0,7.0,372.2,0.0,1.3,138.3,0.9,,,,,,,,
10,Delaware,2004,2954.0,1.0,25.0,894.0,9.0,357.1,8.8,3.0,108.1,1.1,,,,,,,,
10,Delaware,2005,3392.0,0.0,9.0,913.0,11.0,403.7,0.0,1.1,108.7,1.3,,,,,,,,
10,Delaware,2006,3615.0,0.0,16.0,1485.0,20.0,423.6,0.0,1.9,174.0,2.3,,,,,,,,
10,Delaware,2007,3479.0,0.0,14.0,1293.0,18.0,402.1,0.0,1.6,149.4,2.1,,,,,,,,
10,Delaware,2008,3868.0,1.0,23.0,1045.0,16.0,441.2,8.3,2.6,119.2,1.8,,,,,,,,
10,Delaware,2009,4718.0,1.0,23.0,971.0,27.0,533.6,8.7,2.6,109.8,3.1,,,,,,,,
10,Delaware,2010,4464.0,2.0,14.0,1010.0,9.0,496.2,17.6,1.6,112.3,1.0,,,,,,,,
10,Delaware,2011,4508.0,0.0,49.0,827.0,27.0,496.8,0.0,5.4,91.1,3.0,,,,,8.0,13.0,9.4,18.7
10,Delaware,2012,4438.0,1.0,38.0,899.0,38.0,484.9,9.1,4.2,98.2,4.2,,,,,8.2,11.5,8.8,17.1
10,Delaware,2013,5213.0,1.0,30.0,1390.0,52.0,564.4,9.2,3.2,150.5,5.6,,,,,8.5,11.6,9.1,17.7
10,Delaware,2014,4473.0,0.0,33.0,1279.0,47.0,479.7,0.0,3.5,137.2,5.0,,,,,8.5,11.1,7.8,16.2
10,Delaware,2015,4605.0,1.0,47.0,1310.0,41.0,489.2,9.0,5.0,139.2,4.4,,,,,8.7,11.1,5.9,16.4
10,Delaware,2016,5365.0,0.0,57.0,1702.0,58.0,565.4,0.0,6.0,179.4,6.1,,,,,8.1,10.7,5.7,17.6
10,Delaware,2017,5392.0,0.0,49.0,1784.0,57.0,563.5,0.0,5.1,186.5,6.0,,,,,9.2,9.4,5.4,17.3
10,Delaware,2018,6038.0,0.0,36.0,1691.0,30.0,625.4,0.0,3.7,175.1,3.1,,,,,8.4,10.2,5.7,16.2
10,Delaware,2019,5864.0,2.0,65.0,1617.0,94.0,602.2,18.9,6.7,166.1,9.7,,,,,7.6,9.7,6.6,15.2
10,Delaware,2020,4855.0,2.0,70.0,1503.0,97.0,489.5,19.2,7.1,151.5,9.8,,,,,7.2,9.0,6.3,13.7
10,Delaware,2021,4880.0,1.0,89.0,1541.0,129.0,486.4,9.5,8.9,153.6,12.9,,,,,8.6,8.6,5.7,13.6
11,District of Columbia,2000,3205.0,4.0,238.0,2706.0,37.0,560.5,52.2,41.6,473.3,6.5,,,,,,,,
11,District of Columbia,2001,3286.0,2.0,219.0,2883.0,43.0,568.3,26.2,37.9,498.6,7.4,,,,,,,,
11,District of Columbia,2002,3305.0,1.0,192.0,2669.0,58.0,570.1,13.3,33.1,460.4,10.0,,,,,,,,
11,District of Columbia,2003,3168.0,1.0,152.0,2508.0,48.0,548.2,13.1,26.3,434.0,8.3,,,,,,,,
11,District of Columbia,2004,3493.0,1.0,113.0,2568.0,69.0,602.4,12.6,19.5,442.8,11.9,,,,,,,,
11,District of Columbia,2005,3678.0,0.0,103.0,2146.0,114.0,631.9,0.0,17.7,368.7,19.6,,,,,,,,
11,District of Columbia,2006,3368.0,1.0,77.0,1887.0,116.0,576.9,11.7,13.2,323.2,19.9,,,,,,,,
11,District of Columbia,2007,6029.0,1.0,84.0,2373.0,178.0,1029.0,11.3,14.3,405.0,30.4,,,,,,,,
11,District of Columbia,2008,6924.0,0.0,77.0,2656.0,146.0,1173.7,0.0,13.1,450.2,24.7,,,,,,,,
11,District of Columbia,2009,6549.0,0.0,158.0,2561.0,163.0,1091.5,0.0,26.3,426.9,27.2,,,,,,,,
11,District of Columbia,2010,5589.0,1.0,239.0,2104.0,134.0,923.5,10.9,39.5,347.6,22.1,,,,,,,,
11,District of Columbia,2011,6585.0,1.0,222.0,2569.0,165.0,1062.4,10.8,35.8,414.5,26.6,,,,,15.4,12.8,6.9,10.1
11,District of Columbia,2012,6808.0,0.0,244.0,2402.0,165.0,1072.3,0.0,38.4,378.3,26.0,,,,,13.9,11.4,5.9,11.2
11,District of Columbia,2013,6414.0,2.0,243.0,2478.0,168.0,985.9,21.5,37.4,380.9,25.8,,,,,15.7,9.9,6.7,10.3
11,District of Columbia,2014,5293.0,0.0,142.0,1883.0,116.0,799.2,0.0,21.4,284.3,17.5,,,,,14.2,9.8,5.3,9.4
11,District of Columbia,2015,7894.0,1.0,200.0,2742.0,95.0,1168.8,10.4,29.6,406.0,14.1,,,,,14.0,10.2,3.8,9.0
11,District of Columbia,2016,7283.0,1.0,355.0,3226.0,161.0,1061.9,10.1,51.8,470.4,23.5,,,,,13.7,9.6,3.9,10.3
11,District of Columbia,2017,9107.0,0.0,341.0,4563.0,274.0,1310.5,0.0,49.1,656.6,39.4,,,,,13.3,9.8,3.8,10.6
11,District of Columbia,2018,9014.0,1.0,336.0,4240.0,279.0,1284.9,10.9,47.9,604.4,39.8,,,,,11.3,7.9,3.2,10.0
11,District of Columbia,2019,9327.0,1.0,414.0,4382.0,308.0,1321.6,11.0,58.7,620.9,43.6,,,,,8.8,8.1,3.5,9.7
11,District of Columbia,2020,6413.0,3.0,369.0,3879.0,247.0,929.3,33.8,53.5,562.1,35.8,,,,,8.0,6.2,3.5,10.9
11,District of Columbia,2021,6952.0,6.0,233.0,4322.0,257.0,1037.5,69.3,34.8,645.0,38.4,,,,,12.8,7.2,3.7,10.6
12,Florida,2000,33390.0,42.0,1165.0,22781.0,413.0,208.1,20.6,7.3,142.0,2.6,,,,,,,,
12,Florida,2001,37625.0,38.0,947.0,21531.0,484.0,230.1,18.5,5.8,131.7,3.0,,,,,,,,
12,Florida,2002,42058.0,28.0,949.0,21348.0,617.0,252.2,13.6,5.7,128.0,3.7,,,,,,,,
12,Florida,2003,42382.0,27.0,988.0,18974.0,658.0,249.7,12.7,5.8,111.8,3.9,,,,,,,,
12,Florida,2004,42554.0,16.0,856.0,18580.0,728.0,245.0,7.3,4.9,107.0,4.2,,,,,,,,
12,Florida,2005,43372.0,16.0,726.0,20225.0,724.0,244.0,7.1,4.1,113.8,4.1,,,,,,,,
12,Florida,2006,48955.0,21.0,760.0,23976.0,719.0,270.8,8.9,4.2,132.6,4.0,,,,,,,,
12,Florida,2007,57575.0,20.0,1155.0,23327.0,913.0,315.3,8.4,6.3,127.7,5.0,,,,,,,,
12,Florida,2008,71017.0,17.0,1252.0,23326.0,1044.0,385.7,7.3,6.8,126.7,5.7,,,,,,,,
12,Florida,2009,72931.0,18.0,1254.0,20878.0,1041.0,394.0,8.1,6.8,112.8,5.6,,,,,,,,
12,Florida,2010,74744.0,20.0,1294.0,20163.0,1184.0,396.6,9.3,6.9,107.0,6.3,,,,,,,,
12,Florida,2011,76033.0,33.0,1212.0,19689.0,1257.0,399.1,15.5,6.4,103.3,6.6,,,,,12.4,14.0,20.9,21.3
12,Florida,2012,77644.0,37.0,1384.0,19462.0,1369.0,402.3,17.4,7.2,100.9,7.1,,,,,12.6,13.5,20.1,20.3
12,Florida,2013,80182.0,35.0,1540.0,20818.0,1513.0,410.2,16.2,7.9,106.5,7.7,,,,,12.4,13.2,20.0,20.3
12,Florida,2014,84194.0,48.0,1886.0,20944.0,1740.0,424.2,21.8,9.5,105.5,8.8,,,,,12.0,12.8,16.6,19.9
12,Florida,2015,90468.0,40.0,2288.0,24125.0,2083.0,447.7,17.8,11.3,119.4,10.3,,,,,11.3,12.4,13.3,19.0
12,Florida,2016,94742.0,61.0,2634.0,28162.0,2406.0,459.6,27.1,12.8,136.6,11.7,,,,,10.5,12.6,12.5,18.6
12,Florida,2017,100018.0,99.0,3033.0,31683.0,2390.0,477.1,44.3,14.5,151.1,11.4,,,,,10.1,11.6,12.9,18.6
12,Florida,2018,104758.0,109.0,3939.0,32644.0,2880.0,493.1,49.2,18.5,153.7,13.6,,,,,9.7,11.5,13.0,18.2
12,Florida,2019,110794.0,145.0,4142.0,36804.0,3189.0,515.9,65.9,19.3,171.4,14.8,,,,,8.7,11.6,13.2,18.3
12,Florida,2020,100030.0,154.0,4423.0,40788.0,3520.0,463.7,73.4,20.5,189.1,16.3,,,,,7.8,10.4,12.4,17.1
12,Florida,2021,104400.0,180.0,5731.0,44738.0,4498.0,479.3,83.2,26.3,205.4,20.7,,,,,9.4,10.2,12.1,14.8
13,Georgia,2000,29359.0,22.0,521.0,20265.0,402.0,356.7,16.6,6.3,246.2,4.9,,,,,,,,
13,Georgia,2001,33840.0,21.0,703.0,18920.0,414.0,402.0,15.7,8.4,224.7,4.9,,,,,,,,
13,Georgia,2002,33998.0,13.0,701.0,18383.0,439.0,396.1,9.8,8.2,214.2,5.1,,,,,,,,
13,Georgia,2003,35686.0,11.0,720.0,17686.0,585.0,408.9,8.1,8.2,202.6,6.7,,,,,,,,
13,Georgia,2004,34280.0,6.0,333.0,15783.0,549.0,384.9,4.3,3.7,177.2,6.2,,,,,,,,
13,Georgia,2005,33562.0,1.0,380.0,15860.0,645.0,369.2,0.7,4.2,174.5,7.1,,,,,,,,
13,Georgia,2006,38972.0,9.0,366.0,19669.0,581.0,418.0,6.1,3.9,211.0,6.2,,,,,,,,
13,Georgia,2007,42913.0,9.0,423.0,17835.0,680.0,450.5,6.0,4.4,187.2,7.1,,,,,,,,
13,Georgia,2008,42629.0,11.0,563.0,16272.0,914.0,439.9,7.5,5.8,167.9,9.4,,,,,,,,
13,Georgia,2009,39828.0,14.0,768.0,13687.0,953.0,405.8,9.9,7.8,139.5,9.7,,,,,,,,
13,Georgia,2010,45147.0,18.0,636.0,15852.0,795.0,464.9,13.4,6.5,163.2,8.2,,,,,,,,
13,Georgia,2011,54403.0,10.0,436.0,16428.0,678.0,555.0,7.6,4.4,167.6,6.9,,,,,14.7,15.6,19.6,14.8
13,Georgia,2012,52418.0,16.0,639.0,15326.0,937.0,529.4,12.3,6.5,154.8,9.5,,,,,15.0,15.0,18.4,14.0
13,Georgia,2013,51070.0,20.0,863.0,14252.0,1017.0,512.1,15.5,8.7,142.9,10.2,,,,,14.5,14.6,18.8,13.7
13,Georgia,2014,51945.0,17.0,1078.0,13770.0,1234.0,516.0,13.0,10.7,136.8,12.3,,,,,14.1,14.4,15.8,13.6
13,Georgia,2015,57639.0,21.0,1477.0,15982.0,1413.0,566.3,16.0,14.5,157.0,13.9,,,,,13.0,13.9,13.9,12.6
13,Georgia,2016,62776.0,21.0,1263.0,20553.0,1350.0,609.4,16.1,12.3,199.5,13.1,,,,,12.0,13.6,12.9,12.6
13,Georgia,2017,65104.0,23.0,1218.0,22667.0,1489.0,625.4,17.8,11.7,217.7,14.3,,,,,11.1,13.0,13.4,12.5
13,Georgia,2018,65936.0,31.0,1517.0,20867.0,1607.0,627.3,24.6,14.4,198.5,15.3,,,,,10.8,12.4,13.7,12.1
13,Georgia,2019,67720.0,56.0,1733.0,21257.0,1750.0,637.8,44.3,16.3,200.2,16.5,,,,,9.6,12.1,13.4,12.0
13,Georgia,2020,62582.0,81.0,1719.0,23463.0,1757.0,583.5,66.1,16.0,218.8,16.4,,,,,9.3,10.7,13.0,11.8
13,Georgia,2021,67941.0,93.0,1804.0,31996.0,1884.0,629.1,75.0,16.7,296.3,17.4,,,,,10.6,11.0,12.6,10.6
15,Hawaii,2000,3547.0,0.0,3.0,483.0,2.0,292.6,0.0,0.2,39.8,0.2,,,,,,,,
15,Hawaii,2001,4031.0,0.0,7.0,604.0,12.0,330.7,0.0,0.6,49.6,1.0,,,,,,,,
15,Hawaii,2002,4521.0,0.0,21.0,740.0,11.0,368.6,0.0,1.7,60.3,0.9,,,,,,,,
15,Hawaii,2003,5480.0,2.0,6.0,1263.0,14.0,444.9,11.0,0.5,102.5,1.1,,,,,,,,
15,Hawaii,2004,5307.0,0.0,3.0,1193.0,8.0,425.6,0.0,0.2,95.7,0.6,,,,,,,,
15,Hawaii,2005,5489.0,0.0,4.0,1024.0,11.0,435.9,0.0,0.3,81.3,0.9,,,,,,,,
15,Hawaii,2006,5548.0,0.0,2.0,885.0,18.0,437.1,0.0,0.2,69.7,1.4,,,,,,,,
15,Hawaii,2007,5659.0,0.0,11.0,659.0,9.0,445.7,0.0,0.9,51.9,0.7,,,,,,,,
15,Hawaii,2008,5982.0,0.0,9.0,610.0,29.0,467.3,0.0,0.7,47.7,2.3,,,,,,,,
15,Hawaii,2009,6026.0,1.0,15.0,631.0,33.0,467.8,5.3,1.2,49.0,2.6,,,,,,,,
15,Hawaii,2010,6015.0,0.0,15.0,759.0,35.0,441.0,0.0,1.1,55.6,2.6,,,,,,,,
15,Hawaii,2011,6001.0,0.0,5.0,685.0,14.0,435.1,0.0,0.4,49.7,1.0,,,,,8.6,9.4,7.1,14.1
15,Hawaii,2012,6340.0,0.0,9.0,815.0,23.0,454.5,0.0,0.6,58.4,1.6,,,,,8.6,9.6,6.9,14.6
15,Hawaii,2013,6640.0,0.0,22.0,718.0,46.0,471.5,0.0,1.6,51.0,3.3,,,,,7.1,9.0,6.7,14.5
15,Hawaii,2014,6419.0,0.0,25.0,1020.0,68.0,453.8,0.0,1.8,72.1,4.8,,,,,7.8,8.3,5.3,15.0
15,Hawaii,2015,7074.0,2.0,56.0,1239.0,91.0,497.5,10.9,3.9,87.1,6.4,,,,,6.9,9.2,4.0,16.2
15,Hawaii,2016,6902.0,1.0,89.0,1467.0,112.0,483.5,5.5,6.2,102.8,7.8,,,,,6.0,8.0,3.5,15.1
15,Hawaii,2017,6850.0,3.0,58.0,1358.0,94.0,480.9,17.1,4.1,95.3,6.6,,,,,7.4,7.7,3.8,15.6
15,Hawaii,2018,7735.0,4.0,87.0,1495.0,92.0,544.5,23.6,6.1,105.2,6.5,,,,,5.7,8.1,4.1,16.6
15,Hawaii,2019,8093.0,3.0,95.0,1494.0,120.0,571.6,17.9,6.7,105.5,8.5,,,,,6.4,7.6,4.2,15.5
15,Hawaii,2020,7005.0,12.0,90.0,1484.0,182.0,482.5,76.0,6.2,102.2,12.5,,,,,6.0,6.7,3.9,13.8
15,Hawaii,2021,6078.0,20.0,105.0,1457.0,259.0,421.6,128.0,7.3,101.1,18.0,,,,,8.0,7.1,3.9,13.2
16,Idaho,2000,1907.0,0.0,0.0,98.0,1.0,146.7,0.0,0.0,7.5,0.1,,,,,,,,
16,Idaho,2001,2023.0,0.0,0.0,76.0,1.0,153.2,0.0,0.0,5.8,0.1,,,,,,,,
16,Idaho,2002,2503.0,0.0,4.0,94.0,8.0,186.6,0.0,0.3,7.0,0.6,,,,,,,,
16,Idaho,2003,2366.0,4.0,8.0,68.0,15.0,173.5,18.3,0.6,5.0,1.1,,,,,,,,
16,Idaho,2004,2784.0,3.0,26.0,103.0,24.0,200.1,13.3,1.9,7.4,1.7,,,,,,,,
16,Idaho,2005,2799.0,0.0,13.0,119.0,20.0,196.4,0.0,0.9,8.3,1.4,,,,,,,,
16,Idaho,2006,3345.0,0.0,3.0,206.0,3.0,228.5,0.0,0.2,14.1,0.2,,,,,,,,
16,Idaho,2007,3722.0,0.0,3.0,269.0,1.0,248.4,0.0,0.2,18.0,0.1,,,,,,,,
16,Idaho,2008,4194.0,0.0,6.0,187.0,7.0,274.8,0.0,0.4,12.3,0.5,,,,,,,,
16,Idaho,2009,3842.0,1.0,3.0,110.0,3.0,248.8,4.2,0.2,7.1,0.2,,,,,,,,
16,Idaho,2010,4208.0,1.0,4.0,147.0,6.0,267.9,4.3,0.3,9.4,0.4,,,,,,,,
16,Idaho,2011,4699.0,0.0,11.0,162.0,13.0,296.7,0.0,0.7,10.2,0.8,,,,,11.6,11.4,16.5,14.0
16,Idaho,2012,4550.0,1.0,21.0,167.0,26.0,285.2,4.4,1.3,10.5,1.6,,,,,11.7,10.2,16.2,13.4
16,Idaho,2013,5428.0,0.0,6.0,211.0,15.0,336.9,0.0,0.4,13.1,0.9,,,,,10.4,10.6,16.2,13.0
16,Idaho,2014,5442.0,0.0,12.0,443.0,12.0,333.6,0.0,0.7,27.2,0.7,,,,,10.2,9.9,13.6,13.6
16,Idaho,2015,5631.0,0.0,24.0,472.0,57.0,341.1,0.0,1.5,28.6,3.5,,,,,10.9,10.0,11.0,13.7
16,Idaho,2016,5897.0,0.0,33.0,635.0,50.0,350.5,0.0,2.0,37.7,3.0,,,,,10.0,9.6,10.1,12.8
16,Idaho,2017,6200.0,0.0,41.0,987.0,64.0,360.9,0.0,2.4,57.5,3.7,,,,,8.6,9.2,10.1,13.4
16,Idaho,2018,6572.0,1.0,33.0,1134.0,46.0,375.4,4.7,1.9,64.8,2.6,,,,,8.2,9.1,11.1,13.0
16,Idaho,2019,6863.0,1.0,40.0,1491.0,47.0,384.0,4.5,2.2,83.4,2.6,,,,,7.4,8.5,10.8,12.7
16,Idaho,2020,6273.0,2.0,36.0,1480.0,66.0,339.5,9.3,1.9,80.1,3.6,,,,,6.7,8.7,9.6,11.7
16,Idaho,2021,6320.0,5.0,61.0,1197.0,84.0,332.5,22.3,3.2,63.0,4.4,,,,,7.7,8.7,8.8,10.5
17,Illinois,2000,40350.0,50.0,382.0,24812.0,412.0,324.4,27.0,3.1,199.5,3.3,,,,,,,,
17,Illinois,2001,43716.0,47.0,386.0,24025.0,409.0,349.5,25.5,3.1,192.1,3.3,,,,,,,,
17,Illinois,2002,48101.0,40.0,528.0,24026.0,479.0,383.1,22.1,4.2,191.3,3.8,,,,,,,,
17,Illinois,2003,48294.0,20.0,350.0,21817.0,374.0,383.3,11.0,2.8,173.2,3.0,,,,,,,,
17,Illinois,2004,47185.0,26.0,322.0,20597.0,386.0,373.2,14.4,2.5,162.9,3.1,,,,,,,,
17,Illinois,2005,50559.0,23.0,397.0,20019.0,525.0,399.0,12.8,3.1,158.0,4.1,,,,,,,,
17,Illinois,2006,53586.0,15.0,267.0,20186.0,431.0,421.5,8.3,2.1,158.8,3.4,,,,,,,,
17,Illinois,2007,55470.0,10.0,224.0,20813.0,464.0,434.2,5.5,1.8,162.9,3.6,,,,,,,,
17,Illinois,2008,59169.0,20.0,271.0,20674.0,554.0,460.9,11.3,2.1,161.1,4.3,,,,,,,,
17,Illinois,2009,60542.0,16.0,344.0,19962.0,750.0,469.6,9.3,2.7,154.8,5.8,,,,,,,,
17,Illinois,2010,60672.0,27.0,502.0,15777.0,908.0,472.5,16.3,3.9,122.9,7.1,,,,,,,,
17,Illinois,2011,64939.0,18.0,581.0,17037.0,881.0,504.7,11.2,4.5,132.4,6.8,,,,,11.0,12.8,13.1,10.6
17,Illinois,2012,67701.0,28.0,690.0,18149.0,804.0,525.5,17.6,5.4,140.9,6.2,,,,,10.9,12.4,12.8,9.8
17,Illinois,2013,63797.0,23.0,809.0,16464.0,798.0,494.7,14.7,6.3,127.7,6.2,,,,,10.8,12.1,12.7,9.6
17,Illinois,2014,66536.0,27.0,819.0,15970.0,863.0,516.4,17.0,6.4,123.9,6.7,,,,,10.5,11.8,9.7,10.1
17,Illinois,2015,69610.0,31.0,889.0,17130.0,1085.0,541.3,19.6,6.9,133.2,8.4,,,,,9.8,11.5,7.1,9.8
17,Illinois,2016,72201.0,18.0,1138.0,21199.0,1260.0,563.2,11.7,8.9,165.4,9.8,,,,,9.5,11.2,6.5,9.5
17,Illinois,2017,75518.0,22.0,1192.0,23859.0,1225.0,591.0,14.7,9.3,186.7,9.6,,,,,9.0,10.9,6.8,10.3
17,Illinois,2018,77325.0,30.0,1464.0,25422.0,1408.0,607.8,20.7,11.5,199.8,11.1,,,,,8.5,10.5,7.0,9.5
17,Illinois,2019,81012.0,32.0,1345.0,29272.0,1374.0,639.3,22.8,10.6,231.0,10.8,,,,,7.9,10.2,7.4,9.7
17,Illinois,2020,68716.0,29.0,1227.0,31055.0,1467.0,537.5,21.8,9.6,242.9,11.5,,,,,7.4,9.6,7.1,9.1
17,Illinois,2021,71836.0,50.0,1167.0,30454.0,1486.0,566.9,37.8,9.2,240.3,11.7,,,,,8.6,9.8,7.0,8.2
18,Indiana,2000,14063.0,4.0,184.0,6525.0,351.0,230.9,4.6,3.0,107.1,5.8,,,,,,,,
18,Indiana,2001,15258.0,13.0,120.0,6972.0,151.0,249.1,15.0,2.0,113.8,2.5,,,,,,,,
18,Indiana,2002,17100.0,9.0,53.0,7395.0,62.0,278.1,10.6,0.9,120.3,1.0,,,,,,,,
18,Indiana,2003,17075.0,7.0,58.0,6681.0,50.0,276.1,8.1,0.9,108.0,0.8,,,,,,,,
18,Indiana,2004,18440.0,4.0,45.0,6851.0,60.0,296.7,4.6,0.7,110.2,1.0,,,,,,,,
18,Indiana,2005,20063.0,2.0,42.0,8094.0,62.0,320.8,2.3,0.7,129.4,1.0,,,,,,,,
18,Indiana,2006,19859.0,0.0,46.0,8732.0,93.0,315.2,0.0,0.7,138.6,1.5,,,,,,,,
18,Indiana,2007,20712.0,2.0,39.0,8790.0,54.0,326.4,2.2,0.6,138.5,0.9,,,,,,,,
18,Indiana,2008,22154.0,0.0,83.0,8769.0,140.0,346.9,0.0,1.3,137.3,2.2,,,,,,,,
18,Indiana,2009,21732.0,1.0,55.0,6835.0,158.0,338.6,1.2,0.9,106.5,2.5,,,,,,,,
18,Indiana,2010,22825.0,0.0,103.0,6496.0,175.0,351.7,0.0,1.6,100.1,2.7,,,,,,,,
18,Indiana,2011,27801.0,0.0,95.0,6569.0,173.0,426.6,0.0,1.5,100.8,2.7,,,,,11.7,12.8,14.5,11.9
18,Indiana,2012,29505.0,0.0,148.0,7338.0,224.0,451.3,0.0,2.3,112.2,3.4,,,,,11.3,12.4,14.3,11.7
18,Indiana,2013,28023.0,0.0,157.0,7144.0,215.0,426.6,0.0,2.4,108.8,3.3,,,,,11.9,12.4,14.0,11.1
18,Indiana,2014,28519.0,8.0,129.0,7289.0,168.0,432.5,9.5,2.0,110.5,2.5,,,,,10.9,11.6,11.9,11.6
18,Indiana,2015,28886.0,5.0,220.0,7843.0,285.0,437.1,5.9,3.3,118.7,4.3,,,,,10.2,11.8,9.6,11.5
18,Indiana,2016,30847.0,8.0,247.0,9451.0,326.0,465.0,9.6,3.7,142.5,4.9,,,,,9.6,11.7,8.1,11.3
18,Indiana,2017,34278.0,8.0,250.0,11835.0,319.0,514.8,9.7,3.8,177.8,4.8,,,,,9.2,11.4,8.2,11.4
18,Indiana,2018,34926.0,1.0,359.0,12193.0,367.0,521.6,1.2,5.4,182.1,5.5,,,,,9.3,11.0,8.3,10.5
18,Indiana,2019,35430.0,13.0,326.0,11926.0,336.0,526.3,16.1,4.8,177.1,5.0,,,,,7.8,10.4,8.7,11.1
18,Indiana,2020,33372.0,8.0,471.0,14111.0,527.0,491.8,10.2,6.9,208.0,7.8,,,,,8.0,9.8,7.5,10.1
18,Indiana,2021,34755.0,20.0,624.0,14483.0,734.0,510.7,25.0,9.2,212.8,10.8,,,,,8.3,9.4,7.5,9.1
19,Iowa,2000,5987.0,0.0,8.0,1392.0,11.0,204.5,0.0,0.3,47.5,0.4,,,,,,,,
19,Iowa,2001,5699.0,0.0,6.0,1418.0,5.0,194.6,0.0,0.2,48.4,0.2,,,,,,,,
19,Iowa,2002,6195.0,0.0,8.0,1480.0,8.0,211.5,0.0,0.3,50.5,0.3,,,,,,,,
19,Iowa,2003,6491.0,0.0,5.0,1554.0,12.0,221.2,0.0,0.2,53.0,0.4,,,,,,,,
19,Iowa,2004,6956.0,0.0,12.0,1249.0,5.0,236.4,0.0,0.4,42.4,0.2,,,,,,,,
19,Iowa,2005,7390.0,0.0,6.0,1606.0,9.0,250.5,0.0,0.2,54.4,0.3,,,,,,,,
19,Iowa,2006,8390.0,0.0,6.0,1966.0,19.0,282.9,0.0,0.2,66.3,0.6,,,,,,,,
19,Iowa,2007,8643.0,1.0,6.0,1928.0,21.0,290.0,2.4,0.2,64.7,0.7,,,,,,,,
19,Iowa,2008,9372.0,0.0,11.0,1700.0,16.0,313.0,0.0,0.4,56.8,0.5,,,,,,,,
19,Iowa,2009,9406.0,0.0,9.0,1658.0,23.0,312.7,0.0,0.3,55.1,0.8,,,,,,,,
19,Iowa,2010,10542.0,0.0,4.0,1803.0,19.0,345.6,0.0,0.1,59.1,0.6,,,,,,,,
19,Iowa,2011,10705.0,0.0,11.0,1920.0,20.0,349.1,0.0,0.4,62.6,0.7,,,,,8.1,9.4,8.9,9.2
19,Iowa,2012,11377.0,0.0,15.0,2006.0,70.0,369.8,0.0,0.5,65.2,2.3,,,,,8.8,8.4,8.4,8.8
19,Iowa,2013,10953.0,0.0,63.0,1472.0,106.0,354.1,0.0,2.0,47.6,3.4,,,,,8.1,8.4,8.1,8.4
19,Iowa,2014,11804.0,1.0,82.0,1641.0,72.0,379.6,2.5,2.6,52.8,2.3,,,,,7.9,7.9,6.2,8.9
19,Iowa,2015,12085.0,0.0,69.0,2247.0,75.0,387.2,0.0,2.2,72.0,2.4,,,,,7.7,8.3,5.0,8.9
19,Iowa,2016,12983.0,1.0,59.0,2600.0,89.0,414.6,2.5,1.9,83.0,2.8,,,,,7.6,8.3,4.3,9.6
19,Iowa,2017,13893.0,2.0,91.0,3758.0,101.0,442.2,5.2,2.9,119.6,3.2,,,,,6.7,7.9,4.7,10.0
19,Iowa,2018,14682.0,3.0,85.0,4839.0,86.0,466.3,7.9,2.7,153.7,2.7,,,,,7.2,7.7,4.7,10.1
19,Iowa,2019,16044.0,1.0,100.0,5309.0,132.0,508.5,2.7,3.2,168.3,4.2,,,,,7.3,7.4,5.0,9.3
19,Iowa,2020,15097.0,1.0,163.0,6919.0,194.0,473.5,2.8,5.1,217.0,6.1,,,,,6.8,6.9,4.9,10.7
19,Iowa,2021,15620.0,11.0,216.0,6403.0,339.0,489.2,29.9,6.8,200.5,10.6,,,,,6.9,6.7,4.8,8.8
20,Kansas,2000,6056.0,2.0,9.0,2795.0,6.0,224.9,5.0,0.3,103.8,0.2,,,,,,,,
20,Kansas,2001,6050.0,2.0,18.0,2669.0,25.0,224.0,5.1,0.7,98.8,0.9,,,,,,,,
20,Kansas,2002,6784.0,0.0,13.0,2744.0,20.0,250.2,0.0,0.5,101.2,0.7,,,,,,,,
20,Kansas,2003,7249.0,1.0,19.0,2647.0,25.0,266.5,2.5,0.7,97.3,0.9,,,,,,,,
20,Kansas,2004,7493.0,2.0,12.0,2542.0,24.0,274.5,5.0,0.4,93.1,0.9,,,,,,,,
20,Kansas,2005,7419.0,0.0,18.0,2605.0,19.0,270.8,0.0,0.7,95.1,0.7,,,,,,,,
20,Kansas,2006,7829.0,1.0,18.0,2210.0,27.0,284.3,2.4,0.7,80.2,1.0,,,,,,,,
20,Kansas,2007,8180.0,0.0,25.0,2282.0,28.0,294.9,0.0,0.9,82.3,1.0,,,,,,,,
20,Kansas,2008,9208.0,0.0,54.0,2274.0,30.0,329.4,0.0,1.9,81.4,1.1,,,,,,,,
20,Kansas,2009,10510.0,3.0,58.0,2505.0,32.0,373.0,7.2,2.1,88.9,1.1,,,,,,,,
20,Kansas,2010,9601.0,0.0,63.0,2084.0,19.0,335.9,0.0,2.2,72.9,0.7,,,,,,,,
20,Kansas,2011,10598.0,0.0,34.0,2209.0,24.0,369.4,0.0,1.2,77.0,0.8,,,,,9.2,9.9,12.6,11.0
20,Kansas,2012,11135.0,0.0,54.0,2228.0,24.0,385.9,0.0,1.9,77.2,0.8,,,,,9.3,9.8,12.6,10.1
20,Kansas,2013,11012.0,0.0,84.0,2161.0,51.0,380.6,0.0,2.9,74.7,1.8,,,,,9.6,9.9,12.3,10.2
20,Kansas,2014,11116.0,0.0,92.0,2568.0,60.0,383.2,0.0,3.2,88.5,2.1,,,,,9.2,9.7,10.2,11.2
20,Kansas,2015,11464.0,0.0,153.0,2536.0,87.0,394.1,0.0,5.3,87.2,3.0,,,,,8.4,9.7,9.1,11.3
20,Kansas,2016,12160.0,2.0,178.0,3353.0,124.0,417.7,5.3,6.1,115.2,4.3,,,,,7.9,9.4,8.7,11.9
20,Kansas,2017,13554.0,1.0,202.0,4545.0,133.0,466.0,2.7,6.9,156.3,4.6,,,,,7.9,9.0,8.7,11.4
20,Kansas,2018,14231.0,8.0,291.0,5256.0,152.0,488.8,22.1,10.0,180.5,5.2,,,,,8.0,9.0,8.8,11.5
20,Kansas,2019,15286.0,9.0,282.0,4948.0,190.0,524.7,25.4,9.7,169.8,6.5,,,,,7.5,8.2,9.2,11.6
20,Kansas,2020,14620.0,8.0,234.0,5626.0,150.0,498.0,23.3,8.0,191.6,5.1,,,,,7.4,8.2,8.8,11.0
20,Kansas,2021,14851.0,7.0,239.0,5646.0,301.0,506.1,20.2,8.1,192.4,10.3,,,,,8.0,8.1,9.2,9.8
21,Kentucky,2000,8063.0,3.0,62.0,3502.0,85.0,199.1,5.4,1.5,86.5,2.1,,,,,,,,
21,Kentucky,2001,8881.0,1.0,38.0,3588.0,48.0,218.3,1.8,0.9,88.2,1.2,,,,,,,,
21,Kentucky,2002,8756.0,3.0,49.0,3772.0,88.0,214.0,5.5,1.2,92.2,2.2,,,,,,,,
21,Kentucky,2003,7981.0,1.0,43.0,3578.0,33.0,193.8,1.8,1.0,86.9,0.8,,,,,,,,
21,Kentucky,2004,6470.0,1.0,24.0,2758.0,47.0,156.1,1.8,0.6,66.5,1.1,,,,,,,,
21,Kentucky,2005,8351.0,0.0,23.0,2935.0,52.0,199.8,0.0,0.6,70.2,1.2,,,,,,,,
21,Kentucky,2006,8940.0,1.0,36.0,3277.0,73.0,212.0,1.7,0.9,77.7,1.7,,,,,,,,
21,Kentucky,2007,8798.0,0.0,34.0,3449.0,56.0,206.8,0.0,0.8,81.1,1.3,,,,,,,,
21,Kentucky,2008,12163.0,1.0,47.0,4548.0,93.0,283.7,1.7,1.1,106.1,2.2,,,,,,,,
21,Kentucky,2009,13293.0,2.0,64.0,3827.0,92.0,308.3,3.5,1.5,88.7,2.1,,,,,,,,
21,Kentucky,2010,16376.0,0.0,88.0,4345.0,139.0,376.6,0.0,2.0,99.9,3.2,,,,,,,,
21,Kentucky,2011,16629.0,2.0,109.0,4521.0,129.0,380.5,3.6,2.5,103.5,3.0,,,,,14.7,17.0,14.4,13.5
21,Kentucky,2012,17273.0,2.0,139.0,4283.0,150.0,393.8,3.6,3.2,97.6,3.4,,,,,14.8,16.3,13.9,11.9
21,Kentucky,2013,17134.0,4.0,167.0,4315.0,122.0,389.0,7.2,3.8,98.0,2.8,,,,,14.5,15.9,14.3,11.9
21,Kentucky,2014,17664.0,3.0,169.0,4353.0,158.0,400.1,5.3,3.8,98.6,3.6,,,,,14.5,15.5,8.5,12.2
21,Kentucky,2015,17444.0,1.0,164.0,4678.0,145.0,394.1,1.8,3.7,105.7,3.3,,,,,14.0,14.9,6.0,12.3
21,Kentucky,2016,18286.0,5.0,189.0,5812.0,219.0,412.0,9.0,4.3,131.0,4.9,,,,,14.0,14.3,5.1,12.6
21,Kentucky,2017,19320.0,6.0,236.0,7417.0,262.0,433.9,11.0,5.3,166.6,5.9,,,,,12.9,13.7,5.4,13.1
21,Kentucky,2018,19440.0,9.0,294.0,7470.0,366.0,435.8,16.7,6.6,167.4,8.2,,,,,12.6,13.2,5.6,13.2
21,Kentucky,2019,20911.0,9.0,395.0,7379.0,438.0,468.1,17.0,8.8,165.2,9.8,,,,,11.8,12.8,6.4,12.8
21,Kentucky,2020,18750.0,13.0,352.0,8393.0,445.0,416.3,25.2,7.8,186.3,9.9,,,,,10.4,11.3,5.8,12.8
21,Kentucky,2021,18500.0,25.0,576.0,8221.0,513.0,410.3,47.9,12.8,182.3,11.4,,,,,12.2,12.0,5.7,11.1
22,Louisiana,2000,18088.0,7.0,231.0,13402.0,209.0,404.7,10.3,5.2,299.9,4.7,,,,,,,,
22,Louisiana,2001,17926.0,0.0,194.0,12366.0,173.0,401.9,0.0,4.3,277.2,3.9,,,,,,,,
22,Louisiana,2002,18442.0,2.0,183.0,11387.0,152.0,413.0,3.1,4.1,255.0,3.4,,,,,,,,
22,Louisiana,2003,20970.0,6.0,197.0,11850.0,183.0,468.8,9.2,4.4,264.9,4.1,,,,,,,,
22,Louisiana,2004,21837.0,19.0,316.0,10538.0,332.0,486.6,29.1,7.0,234.8,7.4,,,,,,,,
22,Louisiana,2005,17227.0,13.0,252.0,9572.0,278.0,383.2,21.3,5.6,212.9,6.2,,,,,,,,
22,Louisiana,2006,17885.0,16.0,481.0,10883.0,342.0,422.0,25.2,11.4,256.8,8.1,,,,,,,,
22,Louisiana,2007,19362.0,37.0,722.0,11137.0,533.0,442.7,55.8,16.5,254.7,12.2,,,,,,,,
22,Louisiana,2008,22659.0,23.0,809.0,9455.0,707.0,509.3,35.2,18.2,212.5,15.9,,,,,,,,
22,Louisiana,2009,27628.0,11.0,799.0,8996.0,741.0,615.4,16.9,17.8,200.4,16.5,,,,,,,,
22,Louisiana,2010,29151.0,33.0,742.0,8912.0,546.0,641.5,52.9,16.3,196.1,12.0,,,,,,,,
22,Louisiana,2011,31614.0,18.0,488.0,9169.0,447.0,690.9,29.1,10.7,200.4,9.8,,,,,16.1,17.5,17.5,14.0
22,Louisiana,2012,27353.0,33.0,343.0,8873.0,339.0,594.5,52.7,7.5,192.9,7.4,,,,,15.5,17.0,16.9,13.5
22,Louisiana,2013,28739.0,40.0,276.0,8669.0,423.0,621.4,63.3,6.0,187.5,9.1,,,,,15.3,16.9,16.6,13.2
22,Louisiana,2014,28955.0,46.0,372.0,9002.0,575.0,623.5,71.3,8.0,193.8,12.4,,,,,14.9,16.4,14.8,14.6
22,Louisiana,2015,32325.0,54.0,439.0,10282.0,696.0,693.0,83.5,9.4,220.4,14.9,,,,,14.7,15.4,11.9,14.2
22,Louisiana,2016,31727.0,47.0,568.0,10782.0,750.0,678.2,74.4,12.1,230.5,16.0,,,,,15.4,15.6,10.3,15.5
22,Louisiana,2017,34756.0,57.0,623.0,12017.0,679.0,744.2,93.4,13.3,257.3,14.5,,,,,14.7,14.9,8.4,15.7
22,Louisiana,2018,36293.0,43.0,576.0,12043.0,669.0,778.9,72.1,12.4,258.5,14.4,,,,,13.6,14.2,8.0,16.3
22,Louisiana,2019,36131.0,68.0,576.0,12800.0,700.0,777.2,115.4,12.4,275.3,15.1,,,,,14.3,14.0,8.9,16.7
22,Louisiana,2020,32997.0,63.0,614.0,15483.0,704.0,709.4,109.9,13.2,332.9,15.1,,,,,12.4,13.1,8.2,16.2
22,Louisiana,2021,33759.0,110.0,798.0,16390.0,995.0,730.1,191.5,17.3,354.5,21.5,,,,,15.2,13.3,7.6,14.8
23,Maine,2000,1474.0,0.0,0.0,90.0,1.0,115.4,0.0,0.0,7.0,0.1,,,,,,,,
23,Maine,2001,1338.0,0.0,3.0,141.0,1.0,104.2,0.0,0.2,11.0,0.1,,,,,,,,
23,Maine,2002,1805.0,0.0,1.0,142.0,2.0,139.6,0.0,0.1,11.0,0.2,,,,,,,,
23,Maine,2003,2030.0,0.0,7.0,233.0,8.0,155.9,0.0,0.5,17.9,0.6,,,,,,,,
23,Maine,2004,2113.0,0.0,0.0,210.0,2.0,161.6,0.0,0.0,16.1,0.2,,,,,,,,
23,Maine,2005,2254.0,0.0,2.0,142.0,1.0,172.0,0.0,0.2,10.8,0.1,,,,,,,,
23,Maine,2006,2306.0,0.0,7.0,137.0,9.0,175.6,0.0,0.5,10.4,0.7,,,,,,,,
23,Maine,2007,2541.0,0.0,5.0,118.0,9.0,193.1,0.0,0.4,9.0,0.7,,,,,,,,
23,Maine,2008,2608.0,0.0,10.0,96.0,10.0,197.9,0.0,0.8,7.3,0.8,,,,,,,,
23,Maine,2009,2431.0,0.0,10.0,143.0,4.0,184.7,0.0,0.8,10.9,0.3,,,,,,,,
23,Maine,2010,2586.0,0.0,6.0,162.0,32.0,194.8,0.0,0.5,12.2,2.4,,,,,,,,
23,Maine,2011,3094.0,0.0,8.0,272.0,12.0,232.9,0.0,0.6,20.5,0.9,,,,,9.3,9.1,10.7,23.9
23,Maine,2012,3413.0,0.0,2.0,456.0,17.0,257.1,0.0,0.2,34.3,1.3,,,,,9.8,8.5,10.2,23.4
23,Maine,2013,3438.0,0.0,6.0,245.0,10.0,258.9,0.0,0.5,18.4,0.8,,,,,9.6,8.1,11.2,24.3
23,Maine,2014,3530.0,0.0,7.0,237.0,16.0,265.3,0.0,0.5,17.8,1.2,,,,,9.7,8.3,10.1,24.4
23,Maine,2015,3965.0,0.0,10.0,417.0,28.0,298.5,0.0,0.8,31.4,2.1,,,,,8.9,8.3,8.4,25.2
23,Maine,2016,4156.0,0.0,6.0,451.0,42.0,312.2,0.0,0.5,33.9,3.2,,,,,7.6,7.7,8.0,27.2
23,Maine,2017,4555.0,0.0,36.0,620.0,65.0,341.3,0.0,2.7,46.5,4.9,,,,,6.3,7.7,8.1,27.2
23,Maine,2018,4345.0,0.0,43.0,710.0,74.0,324.5,0.0,3.2,53.0,5.5,,,,,7.3,7.0,8.0,23.6
23,Maine,2019,3989.0,0.0,53.0,547.0,55.0,296.8,0.0,3.9,40.7,4.1,,,,,6.5,6.8,8.0,23.6
23,Maine,2020,3466.0,0.0,28.0,520.0,38.0,254.4,0.0,2.1,38.2,2.8,,,,,6.4,6.4,7.5,22.7
23,Maine,2021,3372.0,0.0,40.0,462.0,61.0,245.7,0.0,2.9,33.7,4.4,,,,,7.2,5.5,5.7,20.3
24,Maryland,2000,14533.0,16.0,518.0,9837.0,300.0,273.7,21.5,9.8,185.2,5.6,,,,,,,,
24,Maryland,2001,15640.0,5.0,362.0,9427.0,266.0,291.0,6.8,6.7,175.4,4.9,,,,,,,,
24,Maryland,2002,16891.0,19.0,181.0,9355.0,228.0,310.6,25.9,3.3,172.0,4.2,,,,,,,,
24,Maryland,2003,16831.0,9.0,211.0,8032.0,312.0,306.5,12.0,3.8,146.2,5.7,,,,,,,,
24,Maryland,2004,19952.0,10.0,213.0,8297.0,380.0,360.3,13.4,3.8,149.8,6.9,,,,,,,,
24,Maryland,2005,18291.0,16.0,289.0,7035.0,313.0,328.0,21.3,5.2,126.1,5.6,,,,,,,,
24,Maryland,2006,21859.0,19.0,193.0,7328.0,300.0,390.0,24.5,3.4,130.7,5.4,,,,,,,,
24,Maryland,2007,23150.0,24.0,320.0,6768.0,345.0,411.4,30.7,5.7,120.3,6.1,,,,,,,,
24,Maryland,2008,24669.0,23.0,313.0,6666.0,378.0,436.6,29.8,5.5,118.0,6.7,,,,,,,,
24,Maryland,2009,23747.0,31.0,261.0,6395.0,314.0,417.5,41.3,4.6,112.4,5.5,,,,,,,,
24,Maryland,2010,26192.0,22.0,279.0,7413.0,328.0,452.5,29.8,4.8,128.1,5.7,,,,,,,,
24,Maryland,2011,27212.0,24.0,332.0,6458.0,452.0,466.0,32.8,5.7,110.6,7.7,,,,,7.1,11.2,10.4,10.7
24,Maryland,2012,26534.0,12.0,361.0,5686.0,431.0,450.7,16.5,6.1,96.6,7.3,,,,,7.3,11.0,10.3,9.9
24,Maryland,2013,26723.0,14.0,387.0,5989.0,456.0,451.2,19.5,6.5,101.1,7.7,,,,,7.1,10.8,10.2,10.1
24,Maryland,2014,27424.0,16.0,529.0,6108.0,449.0,460.3,21.6,8.9,102.5,7.5,,,,,7.1,10.4,7.9,10.6
24,Maryland,2015,27450.0,18.0,594.0,6858.0,509.0,458.6,24.5,9.9,114.6,8.5,,,,,6.7,10.3,6.6,10.5
24,Maryland,2016,30658.0,16.0,598.0,9523.0,509.0,510.7,21.9,10.0,158.6,8.5,,,,,6.3,9.8,6.1,10.3
24,Maryland,2017,33416.0,20.0,683.0,10978.0,573.0,554.7,27.9,11.3,182.2,9.5,,,,,6.2,10.1,6.1,9.9
24,Maryland,2018,35482.0,29.0,857.0,10305.0,737.0,587.9,40.8,14.2,170.7,12.2,,,,,6.0,9.5,6.0,9.9
24,Maryland,2019,37779.0,32.0,991.0,11598.0,868.0,624.9,45.6,16.4,191.8,14.4,,,,,5.8,9.6,6.0,9.9
24,Maryland,2020,32398.0,31.0,891.0,12052.0,873.0,524.9,45.2,14.4,195.2,14.1,,,,,5.4,8.9,5.7,9.1
24,Maryland,2021,,,,,,,,,,,,,,,7.4,8.9,6.1,7.5
25,Massachusetts,2000,10073.0,1.0,83.0,2776.0,62.0,158.3,1.2,1.3,43.6,1.0,,,,,,,,
25,Massachusetts,2001,10402.0,2.0,64.0,3214.0,46.0,162.2,2.5,1.0,50.1,0.7,,,,,,,,
25,Massachusetts,2002,10914.0,1.0,95.0,3242.0,99.0,169.5,1.2,1.5,50.3,1.5,,,,,,,,
25,Massachusetts,2003,11301.0,0.0,136.0,2901.0,133.0,175.1,0.0,2.1,44.9,2.1,,,,,,,,
25,Massachusetts,2004,13242.0,0.0,96.0,3057.0,114.0,205.2,0.0,1.5,47.4,1.8,,,,,,,,
25,Massachusetts,2005,14411.0,0.0,105.0,2537.0,125.0,223.3,0.0,1.6,39.3,1.9,,,,,,,,
25,Massachusetts,2006,15394.0,0.0,82.0,2429.0,124.0,238.1,0.0,1.3,37.6,1.9,,,,,,,,
25,Massachusetts,2007,16145.0,0.0,116.0,2695.0,155.0,248.4,0.0,1.8,41.5,2.4,,,,,,,,
25,Massachusetts,2008,17503.0,0.0,149.0,2129.0,216.0,267.5,0.0,2.3,32.5,3.3,,,,,,,,
25,Massachusetts,2009,19315.0,0.0,135.0,1976.0,238.0,293.0,0.0,2.0,30.0,3.6,,,,,,,,
25,Massachusetts,2010,21080.0,1.0,195.0,2483.0,285.0,321.0,1.4,3.0,37.8,4.3,,,,,,,,
25,Massachusetts,2011,22764.0,0.0,233.0,2353.0,266.0,344.2,0.0,3.5,35.6,4.0,,,,,8.3,10.8,4.3,10.2
25,Massachusetts,2012,23550.0,1.0,231.0,2628.0,316.0,353.4,1.4,3.5,39.4,4.7,,,,,8.5,10.4,3.9,10.2
25,Massachusetts,2013,23210.0,4.0,350.0,3106.0,360.0,345.7,5.6,5.2,46.3,5.4,,,,,8.6,10.1,3.7,9.9
25,Massachusetts,2014,21271.0,3.0,282.0,3817.0,301.0,314.5,4.2,4.2,56.4,4.5,,,,,8.3,10.4,3.3,9.9
25,Massachusetts,2015,24100.0,4.0,355.0,3817.0,418.0,354.7,5.6,5.2,56.2,6.2,,,,,7.9,9.7,2.8,10.0
25,Massachusetts,2016,26807.0,3.0,538.0,4980.0,489.0,392.9,4.2,7.9,73.0,7.2,,,,,7.3,9.6,2.5,9.8
25,Massachusetts,2017,29315.0,0.0,549.0,7737.0,538.0,427.3,0.0,8.0,112.8,7.8,,,,,7.2,9.2,2.8,10.0
25,Massachusetts,2018,30460.0,0.0,620.0,8076.0,552.0,442.6,0.0,9.0,117.3,8.0,,,,,6.5,9.3,2.8,10.0
25,Massachusetts,2019,31622.0,9.0,625.0,7396.0,610.0,458.8,13.0,9.1,107.3,8.9,,,,,6.0,8.7,3.0,9.5
25,Massachusetts,2020,24901.0,10.0,548.0,7494.0,615.0,354.6,15.1,7.8,106.7,8.8,,,,,6.1,8.7,2.6,8.7
25,Massachusetts,2021,26950.0,9.0,626.0,8240.0,741.0,385.8,13.0,9.0,118.0,10.6,,,,,7.1,8.9,2.5,8.6
26,Michigan,2000,26237.0,33.0,406.0,18182.0,330.0,263.6,24.2,4.1,182.6,3.3,,,,,,,,
26,Michigan,2001,31090.0,27.0,368.0,17120.0,428.0,310.7,20.2,3.7,171.1,4.3,,,,,,,,
26,Michigan,2002,32272.0,35.0,255.0,14770.0,486.0,321.5,26.9,2.5,147.1,4.8,,,,,,,,
26,Michigan,2003,32572.0,38.0,122.0,13965.0,249.0,323.4,29.0,1.2,138.6,2.5,,,,,,,,
26,Michigan,2004,41246.0,23.0,121.0,17376.0,192.0,408.7,17.7,1.2,172.2,1.9,,,,,,,,
26,Michigan,2005,38730.0,17.0,69.0,17684.0,105.0,383.8,13.3,0.7,175.2,1.0,,,,,,,,
26,Michigan,2006,36753.0,13.0,43.0,15677.0,118.0,364.5,10.2,0.4,155.5,1.2,,,,,,,,
26,Michigan,2007,37353.0,15.0,73.0,15482.0,123.0,371.6,12.0,0.7,154.0,1.2,,,,,,,,
26,Michigan,2008,44923.0,10.0,99.0,17064.0,210.0,449.3,8.3,1.0,170.6,2.1,,,,,,,,
26,Michigan,2009,45714.0,5.0,155.0,14704.0,230.0,459.2,4.3,1.6,147.7,2.3,,,,,,,,
26,Michigan,2010,49478.0,5.0,121.0,13627.0,235.0,500.9,4.4,1.2,138.0,2.4,,,,,,,,
26,Michigan,2011,49568.0,8.0,132.0,12901.0,286.0,501.6,7.0,1.3,130.5,2.9,,,,,12.5,11.2,11.8,16.6
26,Michigan,2012,47566.0,7.0,150.0,12584.0,295.0,480.6,6.2,1.5,127.1,3.0,,,,,12.6,10.8,11.4,15.6
26,Michigan,2013,44835.0,9.0,204.0,10569.0,487.0,452.3,7.9,2.1,106.6,4.9,,,,,12.3,10.6,11.0,15.3
26,Michigan,2014,44256.0,15.0,243.0,9688.0,421.0,445.7,13.1,2.4,97.6,4.2,,,,,11.4,10.1,8.5,15.5
26,Michigan,2015,46486.0,11.0,282.0,10330.0,403.0,468.1,9.7,2.8,104.0,4.1,,,,,11.1,9.9,6.1,15.2
26,Michigan,2016,45936.0,13.0,290.0,12450.0,365.0,461.6,11.5,2.9,125.1,3.7,,,,,10.2,9.6,5.4,14.8
26,Michigan,2017,50595.0,10.0,330.0,15742.0,480.0,507.3,9.0,3.3,157.8,4.8,,,,,9.7,9.1,5.2,14.5
26,Michigan,2018,50592.0,14.0,407.0,16688.0,649.0,506.7,12.7,4.1,167.1,6.5,,,,,9.5,9.0,5.4,14.2
26,Michigan,2019,50104.0,17.0,558.0,18150.0,678.0,501.7,15.8,5.6,181.7,6.8,,,,,8.8,8.6,5.8,14.3
26,Michigan,2020,44769.0,29.0,566.0,23412.0,787.0,444.7,27.9,5.6,232.5,7.8,,,,,8.2,8.0,5.3,13.6
26,Michigan,2021,45473.0,42.0,732.0,21954.0,972.0,452.4,40.0,7.3,218.4,9.7,,,,,9.0,8.0,5.0,11.7
27,Minnesota,2000,8102.0,0.0,18.0,3160.0,16.0,164.2,0.0,0.4,64.0,0.3,,,,,,,,
27,Minnesota,2001,8323.0,0.0,16.0,2701.0,33.0,167.1,0.0,0.3,54.2,0.7,,,,,,,,
27,Minnesota,2002,10107.0,1.0,23.0,3049.0,59.0,201.4,1.5,0.5,60.8,1.2,,,,,,,,
27,Minnesota,2003,10714.0,0.0,45.0,3202.0,47.0,212.1,0.0,0.9,63.4,0.9,,,,,,,,
27,Minnesota,2004,11602.0,1.0,21.0,2957.0,27.0,228.4,1.4,0.4,58.2,0.5,,,,,,,,
27,Minnesota,2005,12189.0,3.0,46.0,3482.0,70.0,238.7,4.2,0.9,68.2,1.4,,,,,,,,
27,Minnesota,2006,12935.0,1.0,58.0,3303.0,47.0,251.3,1.4,1.1,64.2,0.9,,,,,,,,
27,Minnesota,2007,13413.0,0.0,55.0,3459.0,59.0,258.4,0.0,1.1,66.6,1.1,,,,,,,,
27,Minnesota,2008,14351.0,1.0,47.0,3037.0,116.0,274.4,1.4,0.9,58.1,2.2,,,,,,,,
27,Minnesota,2009,14197.0,1.0,46.0,2303.0,71.0,269.8,1.4,0.9,43.8,1.3,,,,,,,,
27,Minnesota,2010,15294.0,0.0,73.0,2119.0,149.0,288.0,0.0,1.4,39.9,2.8,,,,,,,,
27,Minnesota,2011,16902.0,0.0,121.0,2284.0,139.0,316.2,0.0,2.3,42.7,2.6,,,,,7.6,8.0,8.8,10.9
27,Minnesota,2012,18056.0,1.0,96.0,3082.0,118.0,335.8,1.5,1.8,57.3,2.2,,,,,7.6,7.5,8.0,10.6
27,Minnesota,2013,18742.0,0.0,139.0,3873.0,193.0,346.2,0.0,2.6,71.5,3.6,,,,,7.2,7.6,8.2,10.5
27,Minnesota,2014,19907.0,0.0,159.0,4073.0,257.0,365.2,0.0,2.9,74.7,4.7,,,,,7.5,7.5,5.9,10.7
27,Minnesota,2015,21243.0,2.0,185.0,4097.0,246.0,387.5,2.9,3.4,74.7,4.5,,,,,6.3,7.2,4.5,10.4
27,Minnesota,2016,22685.0,7.0,251.0,5104.0,306.0,410.8,10.0,4.5,92.4,5.5,,,,,5.9,7.1,4.1,10.8
27,Minnesota,2017,23539.0,2.0,313.0,6519.0,292.0,422.9,2.9,5.6,117.1,5.2,,,,,5.8,6.9,4.4,11.3
27,Minnesota,2018,23569.0,10.0,286.0,7542.0,292.0,420.4,14.8,5.1,134.5,5.2,,,,,5.7,6.7,4.4,10.6
27,Minnesota,2019,24470.0,21.0,367.0,8013.0,385.0,433.9,31.8,6.5,142.1,6.8,,,,,5.2,6.4,4.9,10.3
27,Minnesota,2020,22114.0,7.0,368.0,10320.0,417.0,387.5,11.0,6.4,180.8,7.3,,,,,4.9,6.2,4.9,10.7
27,Minnesota,2021,22573.0,15.0,415.0,9660.0,565.0,395.5,23.3,7.3,169.3,9.9,,,,,5.5,5.9,4.5,9.4
28,Mississippi,2000,12697.0,14.0,409.0,9217.0,137.0,445.8,31.8,14.4,323.6,4.8,,,,,,,,
28,Mississippi,2001,11793.0,10.0,329.0,7759.0,140.0,413.3,23.7,11.5,272.0,4.9,,,,,,,,
28,Mississippi,2002,11800.0,6.0,149.0,6875.0,49.0,412.9,14.5,5.2,240.5,1.7,,,,,,,,
28,Mississippi,2003,12193.0,2.0,173.0,6328.0,40.0,425.4,4.7,6.0,220.8,1.4,,,,,,,,
28,Mississippi,2004,18863.0,3.0,130.0,7163.0,59.0,653.8,7.0,4.5,248.3,2.0,,,,,,,,
28,Mississippi,2005,21268.0,0.0,162.0,7171.0,49.0,733.6,0.0,5.6,247.3,1.7,,,,,,,,
28,Mississippi,2006,19002.0,0.0,197.0,7511.0,86.0,656.0,0.0,6.8,259.3,3.0,,,,,,,,
28,Mississippi,2007,21686.0,1.0,269.0,8314.0,133.0,742.6,2.2,9.2,284.7,4.6,,,,,,,,
28,Mississippi,2008,21253.0,9.0,232.0,7494.0,184.0,723.1,20.0,7.9,255.0,6.3,,,,,,,,
28,Mississippi,2009,23589.0,8.0,312.0,7241.0,237.0,799.6,18.6,10.6,245.5,8.0,,,,,,,,
28,Mississippi,2010,21417.0,9.0,386.0,6195.0,228.0,721.0,22.5,13.0,208.5,7.7,,,,,,,,
28,Mississippi,2011,21216.0,6.0,313.0,5814.0,191.0,712.2,15.1,10.5,195.2,6.4,,,,,17.4,18.9,17.7,15.7
28,Mississippi,2012,23054.0,0.0,253.0,6875.0,150.0,772.6,0.0,8.5,230.4,5.0,,,,,19.2,17.7,17.0,15.1
28,Mississippi,2013,17464.0,0.0,184.0,5096.0,78.0,584.3,0.0,6.2,170.5,2.6,,,,,19.0,17.6,17.1,15.0
28,Mississippi,2014,19605.0,1.0,336.0,5625.0,189.0,655.6,2.6,11.2,188.1,6.3,,,,,16.5,17.2,14.5,15.4
28,Mississippi,2015,17371.0,0.0,405.0,5775.0,219.0,581.3,0.0,13.6,193.2,7.3,,,,,17.0,16.6,12.7,15.1
28,Mississippi,2016,20112.0,2.0,490.0,7157.0,326.0,673.1,5.3,16.4,239.5,10.9,,,,,16.5,15.8,11.8,16.5
28,Mississippi,2017,21149.0,1.0,555.0,9258.0,310.0,707.7,2.7,18.6,309.8,10.4,,,,,14.9,15.6,12.0,17.5
28,Mississippi,2018,22086.0,3.0,937.0,9749.0,464.0,740.9,8.1,31.4,327.0,15.6,,,,,15.0,14.6,12.1,16.8
28,Mississippi,2019,25303.0,3.0,1222.0,12068.0,690.0,850.2,8.2,41.1,405.5,23.2,,,,,14.8,14.7,13.0,17.8
28,Mississippi,2020,23919.0,37.0,1275.0,13773.0,741.0,808.9,104.3,43.1,465.8,25.1,,,,,14.2,13.2,11.7,16.3
28,Mississippi,2021,22126.0,64.0,592.0,12617.0,829.0,750.0,182.0,20.1,427.7,28.1,,,,,14.4,13.5,11.9,15.2
29,Missouri,2000,13448.0,3.0,52.0,8883.0,29.0,239.9,3.9,0.9,158.5,0.5,,,,,,,,
29,Missouri,2001,13949.0,5.0,33.0,8723.0,26.0,247.2,6.6,0.6,154.6,0.5,,,,,,,,
29,Missouri,2002,16181.0,1.0,51.0,8952.0,34.0,284.9,1.3,0.9,157.6,0.6,,,,,,,,
29,Missouri,2003,18570.0,4.0,46.0,8792.0,61.0,325.0,5.2,0.8,153.9,1.1,,,,,,,,
29,Missouri,2004,21319.0,3.0,58.0,9218.0,94.0,370.4,3.9,1.0,160.1,1.6,,,,,,,,
29,Missouri,2005,22371.0,3.0,108.0,9455.0,147.0,385.5,3.8,1.9,162.9,2.5,,,,,,,,
29,Missouri,2006,22982.0,3.0,93.0,10204.0,168.0,392.3,3.7,1.6,174.2,2.9,,,,,,,,
29,Missouri,2007,23308.0,1.0,120.0,9876.0,239.0,394.7,1.2,2.0,167.2,4.0,,,,,,,,
29,Missouri,2008,24817.0,2.0,145.0,8014.0,224.0,417.0,2.5,2.4,134.6,3.8,,,,,,,,
29,Missouri,2009,25868.0,6.0,146.0,6488.0,173.0,432.4,7.6,2.4,108.5,2.9,,,,,,,,
29,Missouri,2010,26049.0,2.0,133.0,7159.0,152.0,434.4,2.6,2.2,119.4,2.5,,,,,,,,
29,Missouri,2011,27887.0,1.0,124.0,7802.0,136.0,464.0,1.3,2.1,129.8,2.3,,,,,11.5,12.4,13.7,14.0
29,Missouri,2012,27835.0,1.0,135.0,7889.0,157.0,462.0,1.3,2.2,131.0,2.6,,,,,11.7,12.0,13.6,13.3
29,Missouri,2013,27328.0,3.0,220.0,7546.0,251.0,452.4,4.0,3.6,124.9,4.2,,,,,11.5,11.3,13.0,13.1
29,Missouri,2014,27981.0,1.0,240.0,7387.0,352.0,462.0,1.3,4.0,122.0,5.8,,,,,10.7,11.2,11.7,13.9
29,Missouri,2015,28948.0,4.0,247.0,8942.0,307.0,476.8,5.3,4.1,147.3,5.1,,,,,10.2,11.1,9.8,13.6
29,Missouri,2016,30843.0,8.0,276.0,11479.0,400.0,506.7,10.7,4.5,188.6,6.6,,,,,9.8,10.4,8.9,14.1
29,Missouri,2017,32683.0,10.0,423.0,13086.0,507.0,535.2,13.7,6.9,214.3,8.3,,,,,9.2,10.3,9.1,14.6
29,Missouri,2018,34728.0,18.0,546.0,15090.0,806.0,567.3,24.6,8.9,246.5,13.2,,,,,9.0,9.6,9.4,13.2
29,Missouri,2019,34416.0,18.0,647.0,15585.0,817.0,560.8,25.0,10.5,253.9,13.3,,,,,8.8,9.3,10.0,12.8
29,Missouri,2020,31815.0,32.0,556.0,16855.0,829.0,516.9,46.2,9.0,273.9,13.5,,,,,8.0,8.6,10.1,13.1
29,Missouri,2021,31915.0,66.0,787.0,15714.0,1316.0,517.4,95.0,12.8,254.8,21.3,,,,,8.4,8.4,9.4,12.1
30,Montana,2000,1469.0,0.0,0.0,60.0,0.0,162.6,0.0,0.0,6.6,0.0,,,,,,,,
30,Montana,2001,1897.0,0.0,0.0,104.0,0.0,209.4,0.0,0.0,11.5,0.0,,,,,,,,
30,Montana,2002,2475.0,0.0,0.0,123.0,0.0,272.1,0.0,0.0,13.5,0.0,,,,,,,,
30,Montana,2003,2547.0,0.0,0.0,122.0,0.0,277.9,0.0,0.0,13.3,0.0,,,,,,,,
30,Montana,2004,2608.0,0.0,0.0,88.0,4.0,281.7,0.0,0.0,9.5,0.4,,,,,,,,
30,Montana,2005,2400.0,0.0,0.0,158.0,7.0,256.8,0.0,0.0,16.9,0.7,,,,,,,,
30,Montana,2006,2650.0,0.0,0.0,194.0,1.0,280.1,0.0,0.0,20.5,0.1,,,,,,,,
30,Montana,2007,2748.0,0.0,0.0,122.0,8.0,287.1,0.0,0.0,12.7,0.8,,,,,,,,
30,Montana,2008,3101.0,0.0,1.0,122.0,7.0,320.4,0.0,0.1,12.6,0.7,,,,,,,,
30,Montana,2009,2988.0,0.0,0.0,80.0,4.0,306.7,0.0,0.0,8.2,0.4,,,,,,,,
30,Montana,2010,3082.0,0.0,2.0,102.0,3.0,311.1,0.0,0.2,10.3,0.3,,,,,,,,
30,Montana,2011,3406.0,0.0,1.0,85.0,7.0,341.5,0.0,0.1,8.5,0.7,,,,,9.7,7.7,18.3,17.4
30,Montana,2012,3827.0,0.0,0.0,108.0,2.0,381.3,0.0,0.0,10.8,0.2,,,,,10.2,7.2,18.0,15.9
30,Montana,2013,3818.0,0.0,2.0,224.0,5.0,376.7,0.0,0.2,22.1,0.5,,,,,11.3,7.3,16.5,16.4
30,Montana,2014,4193.0,0.0,1.0,434.0,8.0,410.3,0.0,0.1,42.5,0.8,,,,,9.5,7.4,14.2,16.4
30,Montana,2015,4184.0,0.0,5.0,844.0,13.0,406.0,0.0,0.5,81.9,1.3,,,,,9.3,6.4,11.6,16.1
30,Montana,2016,4416.0,0.0,6.0,867.0,14.0,424.3,0.0,0.6,83.3,1.3,,,,,8.0,7.2,8.1,16.4
30,Montana,2017,4560.0,1.0,23.0,782.0,48.0,433.3,8.5,2.2,74.3,4.6,,,,,7.7,7.0,8.5,17.1
30,Montana,2018,4917.0,0.0,25.0,1181.0,45.0,463.6,0.0,2.4,111.3,4.2,,,,,7.7,6.1,8.2,16.3
30,Montana,2019,4753.0,1.0,25.0,1595.0,67.0,444.7,9.0,2.3,149.2,6.3,,,,,7.9,5.8,8.3,15.8
30,Montana,2020,4133.0,2.0,21.0,1698.0,45.0,380.5,18.5,1.9,156.3,4.1,,,,,7.4,5.6,8.7,14.9
30,Montana,2021,4029.0,9.0,22.0,1448.0,96.0,364.9,80.1,2.0,131.1,8.7,,,,,7.2,5.6,8.2,14.0
31,Nebraska,2000,3791.0,0.0,1.0,1534.0,2.0,221.3,0.0,0.1,89.5,0.1,,,,,,,,
31,Nebraska,2001,3206.0,0.0,1.0,1189.0,10.0,186.6,0.0,0.1,69.2,0.6,,,,,,,,
31,Nebraska,2002,4779.0,0.0,0.0,1564.0,6.0,277.1,0.0,0.0,90.7,0.3,,,,,,,,
31,Nebraska,2003,4739.0,1.0,1.0,1623.0,10.0,273.4,3.9,0.1,93.6,0.6,,,,,,,,
31,Nebraska,2004,5238.0,0.0,0.0,1147.0,7.0,300.8,0.0,0.0,65.9,0.4,,,,,,,,
31,Nebraska,2005,5098.0,0.0,2.0,1158.0,4.0,291.2,0.0,0.1,66.1,0.2,,,,,,,,
31,Nebraska,2006,5428.0,0.0,1.0,1433.0,7.0,308.5,0.0,0.1,81.5,0.4,,,,,,,,
31,Nebraska,2007,5132.0,0.0,3.0,1434.0,4.0,290.1,0.0,0.2,81.1,0.2,,,,,,,,
31,Nebraska,2008,5573.0,0.0,0.0,1460.0,15.0,313.1,0.0,0.0,82.0,0.8,,,,,,,,
31,Nebraska,2009,5443.0,0.0,6.0,1376.0,5.0,303.3,0.0,0.3,76.7,0.3,,,,,,,,
31,Nebraska,2010,5114.0,0.0,1.0,1187.0,12.0,279.5,0.0,0.1,64.9,0.7,,,,,,,,
31,Nebraska,2011,6780.0,0.0,3.0,1352.0,10.0,368.3,0.0,0.2,73.5,0.5,,,,,9.1,9.0,11.4,9.7
31,Nebraska,2012,6748.0,1.0,8.0,1429.0,8.0,364.1,3.9,0.4,77.1,0.4,,,,,9.1,9.5,11.3,8.8
31,Nebraska,2013,7301.0,0.0,14.0,1385.0,41.0,391.4,0.0,0.8,74.3,2.2,,,,,8.8,9.8,11.3,9.5
31,Nebraska,2014,7499.0,1.0,19.0,1459.0,50.0,399.0,3.7,1.0,77.6,2.7,,,,,8.7,9.7,9.7,9.1
31,Nebraska,2015,7956.0,0.0,5.0,1703.0,45.0,420.7,0.0,0.3,90.0,2.4,,,,,8.5,9.0,8.2,9.4
31,Nebraska,2016,8197.0,1.0,19.0,2156.0,67.0,430.1,3.8,1.0,113.1,3.5,,,,,7.4,9.1,8.6,9.6
31,Nebraska,2017,8595.0,1.0,26.0,2653.0,43.0,448.6,3.9,1.4,138.5,2.2,,,,,7.2,8.7,8.3,9.9
31,Nebraska,2018,8026.0,0.0,37.0,2696.0,119.0,416.8,0.0,1.9,140.0,6.2,,,,,7.1,8.6,8.3,9.4
31,Nebraska,2019,9291.0,0.0,46.0,2967.0,136.0,480.3,0.0,2.4,153.4,7.0,,,,,6.2,8.0,8.3,9.4
31,Nebraska,2020,8844.0,1.0,50.0,3434.0,104.0,450.9,4.1,2.5,175.1,5.3,,,,,5.8,8.1,8.1,9.7
31,Nebraska,2021,8897.0,1.0,78.0,3063.0,185.0,453.1,4.1,4.0,156.0,9.4,,,,,6.7,7.8,7.1,8.0
32,Nevada,2000,4019.0,0.0,9.0,1553.0,5.0,199.1,0.0,0.4,76.9,0.2,,,,,,,,
32,Nevada,2001,4831.0,0.0,7.0,1756.0,8.0,230.7,0.0,0.3,83.8,0.4,,,,,,,,
32,Nevada,2002,5936.0,0.0,12.0,1988.0,15.0,274.1,0.0,0.6,91.8,0.7,,,,,,,,
32,Nevada,2003,5830.0,0.0,35.0,2221.0,12.0,260.7,0.0,1.6,99.3,0.5,,,,,,,,
32,Nevada,2004,6690.0,1.0,24.0,3078.0,40.0,287.4,2.8,1.0,132.2,1.7,,,,,,,,
32,Nevada,2005,7321.0,1.0,64.0,2880.0,109.0,304.1,2.7,2.7,119.6,4.5,,,,,,,,
32,Nevada,2006,8398.0,16.0,119.0,2791.0,137.0,337.1,40.0,4.8,112.0,5.5,,,,,,,,
32,Nevada,2007,9514.0,7.0,174.0,2357.0,111.0,370.9,17.0,6.8,91.9,4.3,,,,,,,,
32,Nevada,2008,9670.0,9.0,168.0,2172.0,77.0,370.1,22.8,6.4,83.1,2.9,,,,,,,,
32,Nevada,2009,10045.0,3.0,137.0,1726.0,91.0,380.7,8.0,5.2,65.4,3.4,,,,,,,,
32,Nevada,2010,9666.0,5.0,178.0,1728.0,130.0,357.7,13.9,6.6,63.9,4.8,,,,,,,,
32,Nevada,2011,10507.0,3.0,166.0,2000.0,136.0,387.3,8.5,6.1,73.7,5.0,,,,,11.9,16.0,21.9,17.0
32,Nevada,2012,11137.0,1.0,214.0,2264.0,113.0,405.9,2.9,7.8,82.5,4.1,,,,,12.6,15.1,22.2,14.9
32,Nevada,2013,11781.0,2.0,232.0,2714.0,205.0,424.4,5.7,8.4,97.8,7.4,,,,,11.6,14.8,20.7,15.5
32,Nevada,2014,11841.0,5.0,389.0,3188.0,357.0,420.2,13.9,13.8,113.1,12.7,,,,,11.0,14.9,15.2,14.8
32,Nevada,2015,12925.0,8.0,439.0,3630.0,335.0,450.8,22.0,15.3,126.6,11.7,,,,,10.9,14.4,12.3,13.9
32,Nevada,2016,14649.0,12.0,510.0,4380.0,444.0,502.1,33.1,17.5,150.1,15.2,,,,,10.2,13.9,11.4,13.6
32,Nevada,2017,16260.0,24.0,498.0,5520.0,587.0,547.5,67.1,16.8,185.9,19.8,,,,,9.1,13.2,11.2,12.4
32,Nevada,2018,17508.0,31.0,512.0,6475.0,682.0,578.3,86.9,16.9,213.9,22.5,,,,,9.1,13.0,11.2,10.9
32,Nevada,2019,17827.0,41.0,522.0,6519.0,808.0,578.8,116.9,16.9,211.6,26.2,,,,,8.7,13.1,11.4,11.1
32,Nevada,2020,14739.0,46.0,496.0,6364.0,767.0,473.3,136.7,15.9,204.4,24.6,,,,,8.0,12.8,12.0,10.1
32,Nevada,2021,16348.0,45.0,723.0,8488.0,939.0,520.0,133.6,23.0,270.0,29.9,,,,,10.6,12.8,11.6,8.7
33,New Hampshire,2000,1130.0,0.0,0.0,110.0,2.0,91.1,0.0,0.0,8.9,0.2,,,,,,,,
33,New Hampshire,2001,1383.0,1.0,2.0,176.0,1.0,110.1,6.8,0.2,14.0,0.1,,,,,,,,
33,New Hampshire,2002,1557.0,0.0,1.0,120.0,8.0,122.5,0.0,0.1,9.4,0.6,,,,,,,,
33,New Hampshire,2003,1616.0,0.0,4.0,125.0,19.0,126.0,0.0,0.3,9.7,1.5,,,,,,,,
33,New Hampshire,2004,1736.0,0.0,0.0,133.0,5.0,134.3,0.0,0.0,10.3,0.4,,,,,,,,
33,New Hampshire,2005,1842.0,0.0,0.0,177.0,16.0,141.6,0.0,0.0,13.6,1.2,,,,,,,,
33,New Hampshire,2006,1997.0,0.0,2.0,180.0,13.0,152.3,0.0,0.2,13.7,1.0,,,,,,,,
33,New Hampshire,2007,2055.0,0.0,13.0,138.0,30.0,156.1,0.0,1.0,10.5,2.3,,,,,,,,
33,New Hampshire,2008,2109.0,0.0,4.0,100.0,20.0,159.7,0.0,0.3,7.6,1.5,,,,,,,,
33,New Hampshire,2009,2102.0,0.0,6.0,113.0,14.0,159.0,0.0,0.5,8.5,1.1,,,,,,,,
33,New Hampshire,2010,2462.0,0.0,5.0,151.0,22.0,187.0,0.0,0.4,11.5,1.7,,,,,,,,
33,New Hampshire,2011,3010.0,0.0,5.0,130.0,18.0,228.0,0.0,0.4,9.8,1.4,,,,,5.6,8.6,10.5,16.4
33,New Hampshire,2012,3072.0,1.0,9.0,147.0,36.0,232.0,8.1,0.7,11.1,2.7,,,,,6.7,8.2,10.6,15.9
33,New Hampshire,2013,3119.0,0.0,21.0,121.0,28.0,235.1,0.0,1.6,9.1,2.1,,,,,5.1,7.3,10.7,15.8
33,New Hampshire,2014,3586.0,0.0,22.0,226.0,36.0,268.9,0.0,1.6,16.9,2.7,,,,,6.0,7.9,9.2,16.2
33,New Hampshire,2015,3095.0,0.0,16.0,245.0,40.0,231.6,0.0,1.2,18.3,3.0,,,,,5.0,6.8,6.3,16.9
33,New Hampshire,2016,3467.0,0.0,33.0,456.0,40.0,258.3,0.0,2.5,34.0,3.0,,,,,4.0,7.2,5.9,16.7
33,New Hampshire,2017,4412.0,0.0,37.0,513.0,43.0,327.1,0.0,2.7,38.0,3.2,,,,,4.9,6.9,5.8,16.7
33,New Hampshire,2018,3734.0,1.0,41.0,594.0,64.0,275.9,8.3,3.0,43.9,4.7,,,,,4.7,6.8,5.7,16.8
33,New Hampshire,2019,3577.0,2.0,49.0,410.0,47.0,263.1,16.9,3.6,30.2,3.5,,,,,4.2,6.7,6.3,15.7
33,New Hampshire,2020,2931.0,0.0,32.0,461.0,51.0,212.7,0.0,2.3,33.5,3.7,,,,,4.2,5.9,6.1,16.7
33,New Hampshire,2021,3027.0,0.0,39.0,613.0,73.0,217.9,0.0,2.8,44.1,5.3,,,,,4.8,5.6,5.1,14.9
34,New Jersey,2000,10814.0,23.0,109.0,7232.0,71.0,128.3,19.9,1.3,85.8,0.8,,,,,,,,
34,New Jersey,2001,16312.0,32.0,234.0,8921.0,137.0,192.2,27.6,2.8,105.1,1.6,,,,,,,,
34,New Jersey,2002,14164.0,36.0,220.0,7894.0,169.0,165.8,31.4,2.6,92.4,2.0,,,,,,,,
34,New Jersey,2003,16169.0,21.0,326.0,7944.0,170.0,188.3,18.0,3.8,92.5,2.0,,,,,,,,
34,New Jersey,2004,17448.0,13.0,344.0,6696.0,150.0,202.6,11.3,4.0,77.8,1.7,,,,,,,,
34,New Jersey,2005,19152.0,16.0,289.0,5722.0,133.0,222.2,14.1,3.4,66.4,1.5,,,,,,,,
34,New Jersey,2006,20194.0,15.0,314.0,5492.0,173.0,234.3,13.0,3.6,63.7,2.0,,,,,,,,
34,New Jersey,2007,21536.0,11.0,343.0,6076.0,227.0,249.5,9.5,4.0,70.4,2.6,,,,,,,,
34,New Jersey,2008,22405.0,4.0,415.0,5298.0,226.0,258.8,3.5,4.8,61.2,2.6,,,,,,,,
34,New Jersey,2009,23974.0,7.0,401.0,4762.0,212.0,275.8,6.3,4.6,54.8,2.4,,,,,,,,
34,New Jersey,2010,26142.0,3.0,386.0,5872.0,244.0,297.1,2.8,4.4,66.7,2.8,,,,,,,,
34,New Jersey,2011,26209.0,5.0,452.0,7348.0,232.0,296.9,4.7,5.1,83.2,2.6,,,,,7.8,11.9,13.1,11.1
34,New Jersey,2012,27271.0,1.0,410.0,7486.0,229.0,308.3,1.0,4.6,84.6,2.6,,,,,8.2,11.7,12.7,10.5
34,New Jersey,2013,28327.0,0.0,539.0,7014.0,233.0,319.8,0.0,6.1,79.2,2.6,,,,,8.7,11.5,13.2,11.2
34,New Jersey,2014,29904.0,0.0,612.0,6636.0,297.0,337.3,0.0,6.9,74.9,3.4,,,,,8.3,11.0,10.9,11.1
34,New Jersey,2015,31337.0,0.0,714.0,7228.0,372.0,353.4,0.0,8.1,81.5,4.2,,,,,8.1,11.0,8.7,11.3
34,New Jersey,2016,34519.0,12.0,755.0,8162.0,472.0,389.1,11.7,8.5,92.0,5.3,,,,,7.6,10.7,8.0,11.4
34,New Jersey,2017,35239.0,14.0,865.0,9439.0,499.0,396.6,13.8,9.7,106.2,5.6,,,,,7.3,10.1,7.7,11.0
34,New Jersey,2018,36514.0,13.0,788.0,9067.0,570.0,410.9,12.8,8.9,102.0,6.4,,,,,6.9,9.8,7.4,10.4
34,New Jersey,2019,37591.0,15.0,827.0,9622.0,631.0,423.2,15.1,9.3,108.3,7.1,,,,,6.2,9.7,7.9,9.8
34,New Jersey,2020,31649.0,24.0,790.0,10060.0,764.0,341.1,24.5,8.5,108.4,8.2,,,,,7.0,9.1,7.6,8.5
34,New Jersey,2021,33425.0,48.0,1134.0,10259.0,908.0,360.7,47.3,12.2,110.7,9.8,,,,,7.4,9.0,7.2,7.5
35,New Mexico,2000,5204.0,3.0,25.0,1152.0,16.0,285.8,11.0,1.4,63.3,0.9,,,,,,,,
35,New Mexico,2001,6254.0,5.0,18.0,1040.0,19.0,342.0,18.4,1.0,56.9,1.0,,,,,,,,
35,New Mexico,2002,7417.0,7.0,23.0,1462.0,39.0,401.1,25.2,1.2,79.1,2.1,,,,,,,,
35,New Mexico,2003,7480.0,6.0,53.0,1169.0,71.0,400.4,21.6,2.8,62.6,3.8,,,,,,,,
35,New Mexico,2004,9035.0,3.0,69.0,1306.0,82.0,478.0,10.6,3.7,69.1,4.3,,,,,,,,
35,New Mexico,2005,8456.0,6.0,53.0,1552.0,56.0,441.6,20.8,2.8,81.1,2.9,,,,,,,,
35,New Mexico,2006,9829.0,7.0,85.0,1733.0,79.0,506.5,23.4,4.4,89.3,4.1,,,,,,,,
35,New Mexico,2007,9460.0,6.0,66.0,1796.0,46.0,481.1,19.6,3.4,91.3,2.3,,,,,,,,
35,New Mexico,2008,9262.0,4.0,45.0,1403.0,44.0,466.8,13.3,2.3,70.7,2.2,,,,,,,,
35,New Mexico,2009,9493.0,0.0,40.0,1082.0,61.0,472.9,0.0,2.0,53.9,3.0,,,,,,,,
35,New Mexico,2010,11706.0,0.0,41.0,1229.0,53.0,567.0,0.0,2.0,59.5,2.6,,,,,,,,
35,New Mexico,2011,11374.0,0.0,56.0,1839.0,71.0,546.7,0.0,2.7,88.4,3.4,,,,,16.6,16.9,19.8,15.5
35,New Mexico,2012,11898.0,1.0,68.0,1883.0,101.0,570.0,3.7,3.3,90.2,4.8,,,,,16.8,15.6,18.4,15.6
35,New Mexico,2013,12249.0,2.0,67.0,1918.0,78.0,585.4,7.6,3.2,91.7,3.7,,,,,16.3,15.8,18.6,16.8
35,New Mexico,2014,11558.0,1.0,76.0,2246.0,126.0,553.1,3.8,3.6,107.5,6.0,,,,,16.5,15.8,14.5,16.6
35,New Mexico,2015,12632.0,2.0,71.0,2489.0,118.0,604.6,7.7,3.4,119.1,5.6,,,,,14.8,15.3,10.9,16.7
35,New Mexico,2016,13108.0,3.0,118.0,3516.0,189.0,626.7,12.1,5.6,168.1,9.0,,,,,15.3,14.6,9.2,17.4
35,New Mexico,2017,13560.0,1.0,120.0,4489.0,193.0,648.3,4.2,5.7,214.6,9.2,,,,,15.2,13.9,9.1,18.2
35,New Mexico,2018,14000.0,10.0,161.0,5268.0,304.0,669.0,43.4,7.7,251.7,14.5,,,,,15.1,14.6,9.5,15.8
35,New Mexico,2019,14283.0,28.0,203.0,4886.0,511.0,681.2,122.0,9.7,233.0,24.4,,,,,13.7,14.1,10.0,16.3
35,New Mexico,2020,12084.0,42.0,243.0,4608.0,467.0,570.7,191.8,11.5,217.6,22.1,,,,,12.5,12.2,9.7,14.6
35,New Mexico,2021,12441.0,44.0,215.0,5080.0,724.0,588.0,205.7,10.2,240.1,34.2,,,,,14.3,12.5,10.0,12.0
36,New York,2000,31448.0,41.0,467.0,20067.0,132.0,165.5,15.8,2.5,105.6,0.7,,,,,,,,
36,New York,2001,46265.0,39.0,566.0,22268.0,302.0,242.4,15.4,3.0,116.7,1.6,,,,,,,,
36,New York,2002,51123.0,32.0,756.0,21841.0,478.0,266.8,12.7,3.9,114.0,2.5,,,,,,,,
36,New York,2003,57222.0,42.0,1019.0,22166.0,584.0,297.5,16.6,5.3,115.2,3.0,,,,,,,,
36,New York,2004,59097.0,22.0,744.0,18737.0,727.0,306.2,8.8,3.9,97.1,3.8,,,,,,,,
36,New York,2005,63966.0,10.0,1084.0,17717.0,705.0,330.9,4.1,5.6,91.7,3.6,,,,,,,,
36,New York,2006,68720.0,24.0,993.0,17459.0,736.0,355.1,9.6,5.1,90.2,3.8,,,,,,,,
36,New York,2007,80717.0,18.0,1149.0,17697.0,1068.0,415.6,7.1,5.9,91.1,5.5,,,,,,,,
36,New York,2008,88359.0,23.0,1372.0,17108.0,1217.0,453.9,9.2,7.0,87.9,6.3,,,,,,,,
36,New York,2009,92069.0,15.0,1266.0,17004.0,1182.0,471.6,6.0,6.5,87.1,6.1,,,,,,,,
36,New York,2010,99920.0,17.0,1358.0,18320.0,1098.0,515.1,7.0,7.0,94.4,5.7,,,,,,,,
36,New York,2011,102763.0,13.0,1254.0,20706.0,1083.0,527.0,5.4,6.4,106.2,5.6,,,,,12.3,14.9,11.4,11.5
36,New York,2012,100546.0,8.0,1413.0,22571.0,1224.0,513.7,3.3,7.2,115.3,6.3,,,,,12.2,14.7,10.9,10.9
36,New York,2013,95803.0,11.0,1945.0,19919.0,1459.0,488.2,4.6,9.9,101.5,7.4,,,,,12.1,14.4,10.7,11.2
36,New York,2014,98814.0,22.0,2307.0,20758.0,1727.0,502.8,9.2,11.7,105.6,8.8,,,,,12.2,14.3,8.7,11.1
36,New York,2015,103615.0,12.0,2802.0,25561.0,2006.0,527.2,5.1,14.3,130.1,10.2,,,,,11.6,14.0,7.1,11.9
36,New York,2016,109433.0,13.0,3504.0,29000.0,2455.0,557.4,5.5,17.8,147.7,12.5,,,,,10.9,13.6,6.1,12.4
36,New York,2017,116814.0,16.0,3914.0,34099.0,2355.0,596.3,7.0,20.0,174.1,12.0,,,,,10.4,13.4,5.7,12.3
36,New York,2018,119571.0,28.0,4097.0,37262.0,2654.0,612.2,12.4,21.0,190.8,13.6,,,,,10.0,12.9,5.4,11.9
36,New York,2019,124622.0,27.0,4376.0,40901.0,2865.0,640.6,12.2,22.5,210.2,14.7,,,,,9.3,12.4,5.2,11.4
36,New York,2020,97722.0,30.0,4770.0,42517.0,3022.0,484.9,14.3,23.7,211.0,15.0,,,,,9.3,12.2,5.2,11.3
36,New York,2021,101657.0,41.0,5524.0,43048.0,3500.0,512.5,19.5,27.8,217.0,17.6,,,,,10.1,12.0,5.2,10.3
37,North Carolina,2000,21985.0,19.0,618.0,17823.0,483.0,272.1,15.8,7.6,220.6,6.0,,,,,,,,
37,North Carolina,2001,22101.0,19.0,483.0,16583.0,445.0,269.4,16.1,5.9,202.2,5.4,,,,,,,,
37,North Carolina,2002,24726.0,16.0,333.0,15531.0,279.0,297.5,13.6,4.0,186.9,3.4,,,,,,,,
37,North Carolina,2003,26187.0,20.0,261.0,15116.0,152.0,311.8,16.9,3.1,180.0,1.8,,,,,,,,
37,North Carolina,2004,28967.0,9.0,261.0,15194.0,192.0,340.1,7.5,3.1,178.4,2.3,,,,,,,,
37,North Carolina,2005,31183.0,11.0,215.0,15072.0,274.0,360.3,8.9,2.5,174.1,3.2,,,,,,,,
37,North Carolina,2006,33615.0,7.0,294.0,17312.0,309.0,379.7,5.5,3.3,195.5,3.5,,,,,,,,
37,North Carolina,2007,30611.0,7.0,247.0,16666.0,323.0,338.3,5.3,2.7,184.2,3.6,,,,,,,,
37,North Carolina,2008,37516.0,11.0,221.0,15972.0,287.0,406.5,8.4,2.4,173.0,3.1,,,,,,,,
37,North Carolina,2009,41045.0,10.0,357.0,13870.0,579.0,438.7,7.9,3.8,148.2,6.2,,,,,,,,
37,North Carolina,2010,42048.0,10.0,328.0,14111.0,396.0,439.2,8.2,3.4,147.4,4.1,,,,,,,,
37,North Carolina,2011,54819.0,6.0,333.0,17454.0,431.0,567.6,5.0,3.4,180.7,4.5,,,,,13.2,15.2,16.3,15.6
37,North Carolina,2012,50596.0,2.0,244.0,14318.0,347.0,519.0,1.7,2.5,146.9,3.6,,,,,13.4,14.9,16.6,14.7
37,North Carolina,2013,48416.0,4.0,236.0,13666.0,404.0,491.9,3.4,2.4,138.8,4.1,,,,,13.1,14.2,15.6,14.5
37,North Carolina,2014,47147.0,6.0,468.0,14415.0,733.0,474.7,5.0,4.7,145.1,7.4,,,,,12.8,13.5,13.1,14.9
37,North Carolina,2015,64376.0,9.0,753.0,19809.0,1196.0,641.7,7.4,7.5,197.5,11.9,,,,,11.8,13.4,11.2,14.4
37,North Carolina,2016,58006.0,18.0,799.0,19687.0,1082.0,571.2,14.9,7.9,193.9,10.7,,,,,11.2,12.7,10.4,14.5
37,North Carolina,2017,62876.0,25.0,771.0,22871.0,1138.0,612.3,20.8,7.5,222.7,11.1,,,,,10.6,12.2,10.7,14.4
37,North Carolina,2018,66553.0,19.0,797.0,23725.0,1098.0,641.1,16.0,7.7,228.5,10.6,,,,,10.2,11.8,10.7,14.4
37,North Carolina,2019,70257.0,27.0,989.0,26377.0,1122.0,669.9,22.7,9.4,251.5,10.7,,,,,9.6,11.4,11.3,14.8
37,North Carolina,2020,64640.0,31.0,1105.0,28258.0,1322.0,618.1,26.6,10.6,270.2,12.6,,,,,8.5,9.7,10.6,15.1
37,North Carolina,2021,63660.0,42.0,1331.0,28612.0,1870.0,603.3,34.9,12.6,271.2,17.7,,,,,9.4,10.3,10.4,13.0
38,North Dakota,2000,909.0,0.0,1.0,73.0,0.0,141.7,0.0,0.2,11.4,0.0,,,,,,,,
38,North Dakota,2001,1062.0,0.0,0.0,56.0,0.0,166.9,0.0,0.0,8.8,0.0,,,,,,,,
38,North Dakota,2002,1256.0,0.0,0.0,72.0,0.0,198.4,0.0,0.0,11.4,0.0,,,,,,,,
38,North Dakota,2003,1655.0,0.0,0.0,103.0,2.0,262.0,0.0,0.0,16.3,0.3,,,,,,,,
38,North Dakota,2004,1810.0,0.0,0.0,110.0,0.0,284.8,0.0,0.0,17.3,0.0,,,,,,,,
38,North Dakota,2005,1667.0,0.0,0.0,128.0,1.0,262.7,0.0,0.0,20.2,0.2,,,,,,,,
38,North Dakota,2006,1820.0,0.0,0.0,153.0,1.0,286.2,0.0,0.0,24.1,0.2,,,,,,,,
38,North Dakota,2007,1789.0,0.0,0.0,116.0,1.0,280.6,0.0,0.0,18.2,0.2,,,,,,,,
38,North Dakota,2008,1921.0,0.0,2.0,143.0,0.0,299.9,0.0,0.3,22.3,0.0,,,,,,,,
38,North Dakota,2009,1957.0,1.0,0.0,151.0,4.0,303.0,11.1,0.0,23.4,0.6,,,,,,,,
38,North Dakota,2010,2404.0,0.0,0.0,204.0,3.0,356.3,0.0,0.0,30.2,0.4,,,,,,,,
38,North Dakota,2011,2445.0,0.0,1.0,251.0,1.0,356.8,0.0,0.1,36.6,0.1,,,,,7.9,9.3,9.8,11.7
38,North Dakota,2012,2908.0,0.0,0.0,335.0,4.0,414.7,0.0,0.0,47.8,0.6,,,,,7.0,8.3,10.0,11.6
38,North Dakota,2013,2932.0,0.0,2.0,492.0,12.0,406.1,0.0,0.3,68.1,1.7,,,,,7.0,8.5,10.4,12.1
38,North Dakota,2014,3451.0,0.0,22.0,694.0,13.0,468.0,0.0,3.0,94.1,1.8,,,,,7.4,7.8,7.9,12.9
38,North Dakota,2015,3159.0,0.0,17.0,684.0,11.0,418.9,0.0,2.3,90.7,1.5,,,,,6.9,7.5,7.8,13.6
38,North Dakota,2016,3455.0,0.0,12.0,1000.0,33.0,458.0,0.0,1.6,132.5,4.4,,,,,6.4,7.6,7.0,14.5
38,North Dakota,2017,3278.0,0.0,12.0,966.0,44.0,434.2,0.0,1.6,128.0,5.8,,,,,6.1,7.1,7.5,15.6
38,North Dakota,2018,3525.0,0.0,13.0,1369.0,41.0,465.0,0.0,1.7,180.6,5.4,,,,,5.7,7.7,7.3,15.4
38,North Dakota,2019,3880.0,0.0,10.0,1447.0,45.0,509.1,0.0,1.3,189.9,5.9,,,,,6.5,6.5,6.9,14.9
38,North Dakota,2020,3562.0,3.0,12.0,1660.0,32.0,457.3,29.8,1.5,213.1,4.1,,,,,7.4,6.5,7.2,15.8
38,North Dakota,2021,3964.0,2.0,22.0,1735.0,49.0,511.5,19.8,2.8,223.9,6.3,,,,,6.3,6.4,7.9,13.9
39,Ohio,2000,31190.0,5.0,119.0,19303.0,69.0,274.5,3.2,1.0,169.9,0.6,,,,,,,,
39,Ohio,2001,37653.0,2.0,100.0,21163.0,81.0,330.4,1.3,0.9,185.7,0.7,,,,,,,,
39,Ohio,2002,38032.0,3.0,84.0,22008.0,159.0,333.0,2.0,0.7,192.7,1.4,,,,,,,,
39,Ohio,2003,42522.0,3.0,92.0,22537.0,197.0,371.4,2.0,0.8,196.8,1.7,,,,,,,,
39,Ohio,2004,39379.0,2.0,184.0,20467.0,237.0,343.4,1.3,1.6,178.5,2.1,,,,,,,,
39,Ohio,2005,43806.0,2.0,136.0,20985.0,211.0,381.7,1.3,1.2,182.9,1.8,,,,,,,,
39,Ohio,2006,40106.0,0.0,115.0,19190.0,184.0,349.0,0.0,1.0,167.0,1.6,,,,,,,,
39,Ohio,2007,47434.0,1.0,135.0,21066.0,194.0,411.8,0.7,1.2,182.9,1.7,,,,,,,,
39,Ohio,2008,47117.0,3.0,224.0,16803.0,351.0,408.8,2.0,1.9,145.8,3.0,,,,,,,,
39,Ohio,2009,48239.0,8.0,221.0,15988.0,360.0,418.3,5.5,1.9,138.6,3.1,,,,,,,,
39,Ohio,2010,51150.0,10.0,189.0,16496.0,528.0,443.3,7.2,1.6,143.0,4.6,,,,,,,,
39,Ohio,2011,52653.0,13.0,160.0,16726.0,440.0,456.1,9.4,1.4,144.9,3.8,,,,,12.0,11.7,11.9,11.6
39,Ohio,2012,53141.0,19.0,171.0,16493.0,425.0,460.1,13.7,1.5,142.8,3.7,,,,,12.0,11.2,11.5,11.2
39,Ohio,2013,53121.0,18.0,211.0,16619.0,436.0,458.9,13.0,1.8,143.6,3.8,,,,,11.6,11.0,11.0,10.9
39,Ohio,2014,54858.0,15.0,265.0,16237.0,568.0,472.8,10.8,2.3,139.9,4.9,,,,,11.6,10.7,8.4,10.8
39,Ohio,2015,56726.0,17.0,326.0,16564.0,560.0,488.3,12.2,2.8,142.6,4.8,,,,,10.7,10.3,6.5,10.7
39,Ohio,2016,60496.0,12.0,389.0,20487.0,716.0,520.0,8.7,3.3,176.1,6.2,,,,,10.5,10.0,5.6,10.5
39,Ohio,2017,61389.0,18.0,454.0,23967.0,832.0,526.5,13.2,3.9,205.6,7.1,,,,,9.8,9.7,6.0,10.3
39,Ohio,2018,63220.0,21.0,481.0,25146.0,740.0,541.4,15.5,4.1,215.4,6.3,,,,,9.7,9.3,6.5,10.2
39,Ohio,2019,65393.0,19.0,519.0,26065.0,749.0,559.4,14.1,4.4,223.0,6.4,,,,,9.2,9.2,6.6,9.6
39,Ohio,2020,59520.0,33.0,555.0,30977.0,1084.0,504.8,25.5,4.7,262.7,9.2,,,,,8.7,8.5,6.7,9.6
39,Ohio,2021,56520.0,51.0,874.0,27838.0,1783.0,479.8,39.3,7.4,236.3,15.1,,,,,9.4,8.3,6.5,8.3
40,Oklahoma,2000,9331.0,1.0,128.0,4229.0,116.0,270.2,2.0,3.7,122.4,3.4,,,,,,,,
40,Oklahoma,2001,10478.0,5.0,121.0,4784.0,60.0,302.5,10.0,3.5,138.1,1.7,,,,,,,,
40,Oklahoma,2002,10804.0,2.0,124.0,4661.0,72.0,310.2,4.0,3.6,133.8,2.1,,,,,,,,
40,Oklahoma,2003,11013.0,1.0,77.0,4552.0,64.0,315.1,2.0,2.2,130.2,1.8,,,,,,,,
40,Oklahoma,2004,10366.0,2.0,62.0,4453.0,25.0,295.2,3.9,1.8,126.8,0.7,,,,,,,,
40,Oklahoma,2005,13407.0,1.0,64.0,5228.0,44.0,379.8,1.9,1.8,148.1,1.2,,,,,,,,
40,Oklahoma,2006,12992.0,2.0,121.0,4951.0,70.0,363.8,3.7,3.4,138.6,2.0,,,,,,,,
40,Oklahoma,2007,12529.0,3.0,115.0,4827.0,65.0,347.2,5.4,3.2,133.8,1.8,,,,,,,,
40,Oklahoma,2008,14803.0,3.0,117.0,5185.0,86.0,406.6,5.5,3.2,142.4,2.4,,,,,,,,
40,Oklahoma,2009,15023.0,2.0,172.0,4673.0,97.0,407.6,3.7,4.7,126.8,2.6,,,,,,,,
40,Oklahoma,2010,14302.0,0.0,149.0,4369.0,92.0,380.4,0.0,4.0,116.2,2.4,,,,,,,,
40,Oklahoma,2011,14596.0,2.0,145.0,4215.0,84.0,385.3,3.8,3.8,111.3,2.2,,,,,12.8,13.7,18.7,13.9
40,Oklahoma,2012,16843.0,0.0,146.0,4441.0,83.0,441.1,0.0,3.8,116.3,2.2,,,,,13.1,13.4,18.4,13.8
40,Oklahoma,2013,18278.0,0.0,237.0,5303.0,118.0,474.4,0.0,6.2,137.6,3.1,,,,,12.5,13.3,17.7,14.0
40,Oklahoma,2014,20662.0,6.0,198.0,6137.0,151.0,532.8,11.2,5.1,158.2,3.9,,,,,12.2,12.7,15.4,14.1
40,Oklahoma,2015,21025.0,7.0,222.0,6542.0,209.0,537.8,13.2,5.7,167.3,5.3,,,,,11.7,12.7,13.9,14.3
40,Oklahoma,2016,21449.0,3.0,339.0,7574.0,264.0,546.3,5.7,8.6,192.9,6.7,,,,,11.5,12.2,13.8,14.6
40,Oklahoma,2017,21752.0,7.0,478.0,9081.0,373.0,553.3,13.9,12.2,231.0,9.5,,,,,11.6,11.9,14.2,15.2
40,Oklahoma,2018,21974.0,11.0,342.0,8998.0,531.0,557.7,22.1,8.7,228.4,13.5,,,,,11.4,11.6,14.2,14.8
40,Oklahoma,2019,23518.0,42.0,339.0,10491.0,791.0,594.3,85.5,8.6,265.1,20.0,,,,,10.8,11.6,14.3,14.5
40,Oklahoma,2020,21208.0,52.0,380.0,11204.0,941.0,535.3,109.2,9.6,282.8,23.8,,,,,9.7,10.8,15.3,14.0
40,Oklahoma,2021,20709.0,85.0,568.0,10273.0,1225.0,519.5,175.6,14.2,257.7,30.7,,,,,11.5,11.3,13.8,12.2
41,Oregon,2000,7107.0,0.0,19.0,1038.0,12.0,207.2,0.0,0.6,30.3,0.3,,,,,,,,
41,Oregon,2001,7454.0,0.0,9.0,1144.0,13.0,214.8,0.0,0.3,33.0,0.4,,,,,,,,
41,Oregon,2002,7009.0,0.0,18.0,909.0,28.0,199.3,0.0,0.5,25.8,0.8,,,,,,,,
41,Oregon,2003,7688.0,0.0,27.0,1000.0,48.0,216.5,0.0,0.8,28.2,1.4,,,,,,,,
41,Oregon,2004,8690.0,0.0,29.0,1302.0,29.0,243.2,0.0,0.8,36.4,0.8,,,,,,,,
41,Oregon,2005,9018.0,0.0,16.0,1562.0,41.0,249.3,0.0,0.4,43.2,1.1,,,,,,,,
41,Oregon,2006,9577.0,0.0,19.0,1461.0,29.0,260.5,0.0,0.5,39.7,0.8,,,,,,,,
41,Oregon,2007,9849.0,2.0,6.0,1236.0,18.0,264.0,4.1,0.2,33.1,0.5,,,,,,,,
41,Oregon,2008,10744.0,0.0,18.0,1225.0,26.0,284.2,0.0,0.5,32.4,0.7,,,,,,,,
41,Oregon,2009,11497.0,0.0,29.0,1113.0,57.0,300.7,0.0,0.8,29.1,1.5,,,,,,,,
41,Oregon,2010,12352.0,0.0,33.0,1076.0,71.0,321.9,0.0,0.9,28.0,1.9,,,,,,,,
41,Oregon,2011,13643.0,0.0,63.0,1489.0,97.0,352.3,0.0,1.6,38.5,2.5,,,,,11.9,10.7,15.7,9.9
41,Oregon,2012,13454.0,1.0,94.0,1464.0,212.0,345.1,2.2,2.4,37.5,5.4,,,,,12.1,10.1,14.9,9.8
41,Oregon,2013,14181.0,0.0,127.0,1729.0,267.0,361.5,0.0,3.2,44.1,6.8,,,,,11.3,10.2,14.7,9.5
41,Oregon,2014,15508.0,2.0,149.0,2320.0,272.0,391.3,4.4,3.8,58.5,6.9,,,,,11.0,10.3,9.7,9.7
41,Oregon,2015,16305.0,6.0,214.0,3232.0,345.0,406.0,13.1,5.3,80.5,8.6,,,,,9.9,10.0,7.0,9.6
41,Oregon,2016,17425.0,6.0,250.0,4353.0,327.0,426.0,13.2,6.1,106.4,8.0,,,,,8.5,9.7,6.2,9.3
41,Oregon,2017,18634.0,8.0,205.0,5022.0,352.0,449.7,18.3,4.9,121.2,8.5,,,,,8.8,9.0,6.8,9.3
41,Oregon,2018,19224.0,10.0,299.0,5913.0,424.0,459.7,23.7,7.1,141.4,10.1,,,,,8.0,9.5,7.1,8.3
41,Oregon,2019,19279.0,18.0,357.0,6130.0,454.0,457.1,43.0,8.5,145.3,10.8,,,,,6.6,8.6,7.2,8.8
41,Oregon,2020,15858.0,19.0,304.0,6412.0,628.0,373.9,47.7,7.2,151.2,14.8,,,,,6.6,8.1,6.6,7.8
41,Oregon,2021,15596.0,27.0,478.0,6221.0,949.0,367.3,66.0,11.3,146.5,22.3,,,,,7.6,8.1,6.1,7.3
42,Pennsylvania,2000,26476.0,9.0,278.0,13568.0,77.0,215.5,6.2,2.3,110.5,0.6,,,,,,,,
42,Pennsylvania,2001,28319.0,4.0,260.0,14214.0,99.0,230.3,2.8,2.1,115.6,0.8,,,,,,,,
42,Pennsylvania,2002,31791.0,5.0,237.0,13294.0,105.0,258.0,3.5,1.9,107.9,0.9,,,,,,,,
42,Pennsylvania,2003,37291.0,2.0,216.0,11866.0,159.0,301.7,1.4,1.7,96.0,1.3,,,,,,,,
42,Pennsylvania,2004,38025.0,0.0,183.0,11236.0,118.0,307.0,0.0,1.5,90.7,1.0,,,,,,,,
42,Pennsylvania,2005,37261.0,1.0,204.0,11222.0,199.0,300.1,0.7,1.6,90.4,1.6,,,,,,,,
42,Pennsylvania,2006,39487.0,3.0,286.0,11466.0,264.0,316.7,2.0,2.3,92.0,2.1,,,,,,,,
42,Pennsylvania,2007,42469.0,8.0,309.0,12706.0,263.0,339.3,5.3,2.5,101.5,2.1,,,,,,,,
42,Pennsylvania,2008,42233.0,8.0,309.0,11071.0,272.0,336.2,5.4,2.5,88.1,2.2,,,,,,,,
42,Pennsylvania,2009,43068.0,5.0,361.0,10138.0,341.0,341.8,3.4,2.9,80.4,2.7,,,,,,,,
42,Pennsylvania,2010,47518.0,3.0,355.0,12883.0,369.0,373.8,2.1,2.8,101.4,2.9,,,,,,,,
42,Pennsylvania,2011,52884.0,5.0,412.0,13770.0,373.0,414.9,3.5,3.2,108.0,2.9,,,,,9.6,11.3,10.1,11.5
42,Pennsylvania,2012,54993.0,6.0,484.0,15390.0,494.0,430.7,4.2,3.8,120.5,3.9,,,,,9.5,11.1,9.8,11.0
42,Pennsylvania,2013,52056.0,3.0,581.0,13874.0,471.0,407.4,2.1,4.5,108.6,3.7,,,,,9.3,10.8,9.7,11.3
42,Pennsylvania,2014,50536.0,4.0,641.0,12710.0,532.0,395.2,2.8,5.0,99.4,4.2,,,,,9.4,10.6,8.5,11.5
42,Pennsylvania,2015,53460.0,7.0,770.0,12791.0,655.0,418.2,5.0,6.0,100.0,5.1,,,,,9.1,10.3,6.4,11.5
42,Pennsylvania,2016,56930.0,5.0,982.0,14603.0,755.0,445.4,3.6,7.7,114.2,5.9,,,,,8.6,9.8,5.6,12.0
42,Pennsylvania,2017,56447.0,7.0,1100.0,15244.0,793.0,441.4,5.1,8.6,119.2,6.2,,,,,8.1,9.4,5.5,12.0
42,Pennsylvania,2018,59340.0,9.0,1192.0,15887.0,797.0,463.6,6.6,9.3,124.1,6.2,,,,,8.1,9.0,5.5,11.2
42,Pennsylvania,2019,61694.0,13.0,1138.0,16059.0,991.0,481.9,9.7,8.9,125.4,7.7,,,,,8.2,9.0,5.8,10.7
42,Pennsylvania,2020,52272.0,15.0,1166.0,18280.0,1046.0,402.4,11.5,9.0,140.7,8.1,,,,,7.3,8.4,6.3,10.0
42,Pennsylvania,2021,53124.0,14.0,1478.0,18912.0,1310.0,409.8,10.6,11.4,145.9,10.1,,,,,8.3,8.1,5.5,9.4
44,Rhode Island,2000,2632.0,0.0,1.0,661.0,4.0,250.5,0.0,0.1,62.9,0.4,,,,,,,,
44,Rhode Island,2001,2912.0,0.0,1.0,830.0,9.0,275.3,0.0,0.1,78.5,0.9,,,,,,,,
44,Rhode Island,2002,2832.0,0.0,9.0,900.0,13.0,265.4,0.0,0.8,84.4,1.2,,,,,,,,
44,Rhode Island,2003,3000.0,0.0,7.0,973.0,33.0,279.7,0.0,0.7,90.7,3.1,,,,,,,,
44,Rhode Island,2004,3442.0,1.0,15.0,816.0,26.0,319.9,7.8,1.4,75.8,2.4,,,,,,,,
44,Rhode Island,2005,3269.0,0.0,5.0,438.0,24.0,305.7,0.0,0.5,41.0,2.2,,,,,,,,
44,Rhode Island,2006,3142.0,0.0,6.0,508.0,14.0,295.2,0.0,0.6,47.7,1.3,,,,,,,,
44,Rhode Island,2007,3177.0,0.0,10.0,402.0,36.0,299.8,0.0,0.9,37.9,3.4,,,,,,,,
44,Rhode Island,2008,3317.0,0.0,7.0,307.0,18.0,313.4,0.0,0.7,29.0,1.7,,,,,,,,
44,Rhode Island,2009,3615.0,1.0,14.0,322.0,20.0,341.9,8.7,1.3,30.5,1.9,,,,,,,,
44,Rhode Island,2010,3480.0,0.0,20.0,291.0,41.0,330.2,0.0,1.9,27.6,3.9,,,,,,,,
44,Rhode Island,2011,4146.0,0.0,20.0,360.0,46.0,393.5,0.0,1.9,34.2,4.4,,,,,10.6,15.2,10.8,11.3
44,Rhode Island,2012,4313.0,0.0,24.0,507.0,44.0,409.0,0.0,2.3,48.1,4.2,,,,,9.2,13.9,11.1,10.7
44,Rhode Island,2013,4312.0,0.0,22.0,454.0,45.0,408.7,0.0,2.1,43.0,4.3,,,,,10.7,14.1,11.6,12.0
44,Rhode Island,2014,4349.0,0.0,49.0,590.0,71.0,411.9,0.0,4.6,55.9,6.7,,,,,10.0,14.2,7.4,11.5
44,Rhode Island,2015,4575.0,0.0,38.0,580.0,77.0,433.2,0.0,3.6,54.9,7.3,,,,,10.1,12.3,5.7,11.9
44,Rhode Island,2016,4936.0,0.0,63.0,716.0,90.0,467.1,0.0,6.0,67.8,8.5,,,,,9.2,11.4,4.3,11.8
44,Rhode Island,2017,5282.0,0.0,71.0,1087.0,71.0,500.3,0.0,6.7,103.0,6.7,,,,,7.9,11.7,4.6,12.7
44,Rhode Island,2018,5487.0,0.0,71.0,1336.0,96.0,518.5,0.0,6.7,126.2,9.1,,,,,9.1,10.9,4.1,13.3
44,Rhode Island,2019,5718.0,0.0,109.0,1516.0,101.0,539.8,0.0,10.3,143.1,9.5,,,,,6.6,10.7,4.1,13.4
44,Rhode Island,2020,4714.0,1.0,97.0,1399.0,89.0,430.0,9.9,8.8,127.6,8.1,,,,,6.0,9.9,3.7,10.5
44,Rhode Island,2021,5199.0,2.0,119.0,1681.0,209.0,474.5,19.1,10.9,153.4,19.1,,,,,7.0,10.9,4.3,9.2
45,South Carolina,2000,9950.0,32.0,394.0,8383.0,229.0,247.3,57.0,9.8,208.3,5.7,,,,,,,,
45,South Carolina,2001,15329.0,19.0,394.0,10805.0,235.0,377.3,34.1,9.7,266.0,5.8,,,,,,,,
45,South Carolina,2002,14314.0,15.0,202.0,9152.0,134.0,348.9,27.5,4.9,223.1,3.3,,,,,,,,
45,South Carolina,2003,14623.0,15.0,180.0,8518.0,94.0,353.1,27.0,4.3,205.7,2.3,,,,,,,,
45,South Carolina,2004,18423.0,10.0,204.0,9171.0,116.0,439.0,17.7,4.9,218.5,2.8,,,,,,,,
45,South Carolina,2005,18296.0,4.0,222.0,8561.0,84.0,430.4,6.9,5.2,201.4,2.0,,,,,,,,
45,South Carolina,2006,22351.0,2.0,174.0,10320.0,66.0,515.7,3.2,4.0,238.1,1.5,,,,,,,,
45,South Carolina,2007,26431.0,1.0,143.0,10326.0,91.0,598.4,1.6,3.2,233.8,2.1,,,,,,,,
45,South Carolina,2008,26323.0,2.0,192.0,9442.0,98.0,585.2,3.2,4.3,209.9,2.2,,,,,,,,
45,South Carolina,2009,26654.0,0.0,284.0,8318.0,123.0,585.3,0.0,6.2,182.6,2.7,,,,,,,,
45,South Carolina,2010,26525.0,1.0,344.0,7970.0,155.0,572.2,1.7,7.4,171.9,3.3,,,,,,,,
45,South Carolina,2011,28932.0,0.0,345.0,8350.0,221.0,619.3,0.0,7.4,178.7,4.7,,,,,14.3,15.9,16.7,18.0
45,South Carolina,2012,27149.0,7.0,336.0,7638.0,225.0,575.5,12.2,7.1,161.9,4.8,,,,,14.1,15.2,16.8,17.1
45,South Carolina,2013,25594.0,1.0,415.0,7194.0,271.0,537.2,1.8,8.7,151.0,5.7,,,,,14.1,14.3,15.8,16.9
45,South Carolina,2014,28087.0,5.0,467.0,8253.0,250.0,582.3,8.7,9.7,171.1,5.2,,,,,13.2,13.8,13.6,16.5
45,South Carolina,2015,27538.0,3.0,496.0,8206.0,294.0,562.9,5.2,10.1,167.7,6.0,,,,,12.1,13.6,10.9,15.9
45,South Carolina,2016,28179.0,9.0,613.0,9194.0,316.0,568.4,15.7,12.4,185.4,6.4,,,,,10.8,13.4,10.0,16.0
45,South Carolina,2017,32235.0,8.0,687.0,12623.0,361.0,642.0,14.0,13.7,251.4,7.2,,,,,11.3,12.6,11.0,16.6
45,South Carolina,2018,33910.0,9.0,732.0,13801.0,384.0,667.0,15.9,14.4,271.5,7.6,,,,,10.8,11.6,10.5,16.8
45,South Carolina,2019,35950.0,17.0,681.0,14160.0,516.0,698.2,29.8,13.2,275.0,10.0,,,,,9.8,11.7,10.8,16.0
45,South Carolina,2020,34118.0,19.0,796.0,16705.0,652.0,665.0,34.1,15.5,325.6,12.7,,,,,9.2,10.6,10.5,15.8
45,South Carolina,2021,36477.0,19.0,972.0,16052.0,836.0,702.7,33.2,18.7,309.2,16.1,,,,,10.8,10.4,10.0,14.4
46,South Dakota,2000,1834.0,0.0,0.0,277.0,0.0,242.7,0.0,0.0,36.7,0.0,,,,,,,,
46,South Dakota,2001,1821.0,0.0,0.0,289.0,1.0,240.0,0.0,0.0,38.1,0.1,,,,,,,,
46,South Dakota,2002,2215.0,0.0,0.0,263.0,0.0,290.8,0.0,0.0,34.5,0.0,,,,,,,,
46,South Dakota,2003,2608.0,0.0,3.0,226.0,2.0,340.5,0.0,0.4,29.5,0.3,,,,,,,,
46,South Dakota,2004,2532.0,0.0,0.0,304.0,0.0,327.5,0.0,0.0,39.3,0.0,,,,,,,,
46,South Dakota,2005,2701.0,0.0,0.0,351.0,2.0,346.8,0.0,0.0,45.1,0.3,,,,,,,,
46,South Dakota,2006,2633.0,0.0,6.0,367.0,13.0,334.6,0.0,0.8,46.6,1.7,,,,,,,,
46,South Dakota,2007,2620.0,0.0,4.0,261.0,7.0,329.3,0.0,0.5,32.8,0.9,,,,,,,,
46,South Dakota,2008,2956.0,0.0,3.0,375.0,1.0,368.1,0.0,0.4,46.7,0.1,,,,,,,,
46,South Dakota,2009,3015.0,0.0,2.0,344.0,0.0,371.8,0.0,0.2,42.4,0.0,,,,,,,,
46,South Dakota,2010,3192.0,0.0,0.0,468.0,4.0,391.1,0.0,0.0,57.3,0.5,,,,,,,,
46,South Dakota,2011,3409.0,0.0,0.0,602.0,0.0,413.9,0.0,0.0,73.1,0.0,,,,,9.6,9.4,11.9,11.8
46,South Dakota,2012,3924.0,0.0,3.0,707.0,18.0,470.7,0.0,0.4,84.8,2.2,,,,,8.6,9.5,11.5,12.1
46,South Dakota,2013,3927.0,0.0,5.0,784.0,44.0,466.2,0.0,0.6,93.1,5.2,,,,,9.2,8.4,11.3,10.5
46,South Dakota,2014,4166.0,3.0,23.0,892.0,53.0,490.6,24.4,2.7,105.0,6.2,,,,,9.4,8.3,9.8,11.1
46,South Dakota,2015,3949.0,0.0,11.0,1048.0,39.0,462.4,0.0,1.3,122.7,4.6,,,,,8.3,8.8,10.2,10.7
46,South Dakota,2016,4331.0,2.0,14.0,1269.0,26.0,501.9,16.3,1.6,147.0,3.0,,,,,8.2,8.8,8.7,13.0
46,South Dakota,2017,4437.0,3.0,19.0,1290.0,33.0,508.3,24.7,2.2,147.8,3.8,,,,,8.4,8.3,9.1,12.3
46,South Dakota,2018,4432.0,1.0,9.0,1689.0,41.0,504.4,8.4,1.0,192.2,4.7,,,,,8.0,7.7,9.8,13.1
46,South Dakota,2019,4547.0,2.0,8.0,2170.0,48.0,514.0,17.5,0.9,245.3,5.4,,,,,7.3,7.9,10.2,11.9
46,South Dakota,2020,4044.0,4.0,38.0,2424.0,66.0,455.9,36.5,4.3,273.3,7.4,,,,,7.3,7.8,9.8,13.8
46,South Dakota,2021,4853.0,16.0,353.0,3258.0,436.0,542.0,140.7,39.4,363.9,48.7,,,,,7.9,6.9,9.5,10.9
47,Tennessee,2000,15068.0,25.0,627.0,11876.0,532.0,264.2,31.4,11.0,208.2,9.3,,,,,,,,
47,Tennessee,2001,15560.0,14.0,553.0,10145.0,331.0,270.4,17.9,9.6,176.3,5.8,,,,,,,,
47,Tennessee,2002,16042.0,10.0,390.0,9348.0,168.0,276.5,12.9,6.7,161.1,2.9,,,,,,,,
47,Tennessee,2003,20380.0,7.0,228.0,8519.0,135.0,348.0,8.9,3.9,145.5,2.3,,,,,,,,
47,Tennessee,2004,22515.0,9.0,206.0,8475.0,130.0,380.4,11.3,3.5,143.2,2.2,,,,,,,,
47,Tennessee,2005,23084.0,4.0,203.0,8605.0,217.0,384.9,4.9,3.4,143.5,3.6,,,,,,,,
47,Tennessee,2006,25320.0,6.0,233.0,9694.0,249.0,415.7,7.1,3.8,159.2,4.1,,,,,,,,
47,Tennessee,2007,26866.0,4.0,304.0,9564.0,367.0,435.2,4.6,4.9,154.9,5.9,,,,,,,,
47,Tennessee,2008,28038.0,11.0,312.0,8780.0,413.0,449.4,12.9,5.0,140.7,6.6,,,,,,,,
47,Tennessee,2009,29711.0,13.0,333.0,7926.0,403.0,472.3,15.8,5.3,126.0,6.4,,,,,,,,
47,Tennessee,2010,28327.0,11.0,363.0,7121.0,277.0,445.7,13.8,5.7,112.0,4.4,,,,,,,,
47,Tennessee,2011,31105.0,8.0,256.0,7667.0,278.0,486.1,10.1,4.0,119.8,4.3,,,,,13.7,15.8,14.6,12.8
47,Tennessee,2012,32525.0,2.0,255.0,9098.0,266.0,504.0,2.5,4.0,141.0,4.1,,,,,13.7,14.8,13.9,12.5
47,Tennessee,2013,30370.0,2.0,267.0,7376.0,214.0,467.6,2.5,4.1,113.6,3.3,,,,,13.3,14.4,13.9,12.3
47,Tennessee,2014,30793.0,2.0,236.0,7199.0,237.0,470.8,2.5,3.6,110.1,3.6,,,,,13.7,14.2,12.0,12.5
47,Tennessee,2015,31272.0,5.0,312.0,8386.0,349.0,474.5,6.1,4.7,127.2,5.3,,,,,12.3,13.9,10.3,12.5
47,Tennessee,2016,32304.0,8.0,337.0,10179.0,390.0,486.1,9.9,5.1,153.2,5.9,,,,,11.6,13.1,9.0,12.4
47,Tennessee,2017,35087.0,10.0,412.0,12426.0,488.0,523.0,12.3,6.1,185.2,7.3,,,,,10.9,12.2,9.5,12.5
47,Tennessee,2018,38212.0,13.0,472.0,14627.0,553.0,564.3,16.1,7.0,216.0,8.2,,,,,11.3,12.2,10.1,13.0
47,Tennessee,2019,41089.0,13.0,639.0,16026.0,676.0,601.7,16.2,9.4,234.7,9.9,,,,,10.0,12.0,10.1,12.3
47,Tennessee,2020,37907.0,31.0,686.0,18458.0,767.0,547.8,39.4,9.9,266.7,11.1,,,,,9.1,10.3,10.2,11.9
47,Tennessee,2021,39227.0,39.0,839.0,18768.0,952.0,562.4,47.7,12.0,269.1,13.6,,,,,9.7,10.3,10.0,10.3
48,Texas,2000,68814.0,72.0,1171.0,32919.0,396.0,328.5,19.8,5.6,157.2,1.9,,,,,,,,
48,Texas,2001,69752.0,75.0,964.0,30024.0,478.0,327.0,20.5,4.5,140.8,2.2,,,,,,,,
48,Texas,2002,69521.0,72.0,1149.0,26988.0,589.0,320.3,19.3,5.3,124.3,2.7,,,,,,,,
48,Texas,2003,69200.0,77.0,1065.0,24595.0,654.0,313.9,20.4,4.8,111.5,3.0,,,,,,,,
48,Texas,2004,70232.0,65.0,1069.0,24371.0,827.0,313.4,17.0,4.8,108.8,3.7,,,,,,,,
48,Texas,2005,71860.0,67.0,1013.0,26110.0,873.0,315.3,17.4,4.4,114.6,3.8,,,,,,,,
48,Texas,2006,75543.0,79.0,1312.0,30449.0,1064.0,323.4,19.8,5.6,130.4,4.6,,,,,,,,
48,Texas,2007,85786.0,99.0,1467.0,32073.0,1160.0,360.1,24.3,6.2,134.6,4.9,,,,,,,,
48,Texas,2008,100870.0,127.0,1733.0,32199.0,1405.0,415.3,31.3,7.1,132.6,5.8,,,,,,,,
48,Texas,2009,105910.0,128.0,1932.0,29295.0,1644.0,427.6,31.8,7.8,118.3,6.6,,,,,,,,
48,Texas,2010,119872.0,105.0,1874.0,31788.0,1230.0,474.9,27.2,7.4,125.9,4.9,,,,,,,,
48,Texas,2011,124882.0,99.0,1581.0,30930.0,1169.0,487.0,26.2,6.2,120.6,4.6,,,,,14.4,18.9,23.0,12.4
48,Texas,2012,127036.0,78.0,1767.0,32473.0,1627.0,487.0,20.4,6.8,124.5,6.2,,,,,14.0,18.6,22.5,11.7
48,Texas,2013,129861.0,74.0,1902.0,33835.0,1475.0,490.4,19.1,7.2,127.8,5.6,,,,,13.6,18.1,22.1,11.2
48,Texas,2014,131219.0,75.0,1984.0,35322.0,1636.0,486.6,18.8,7.4,131.0,6.1,,,,,13.4,17.8,19.1,11.0
48,Texas,2015,141158.0,52.0,2471.0,39717.0,1680.0,513.9,12.9,9.0,144.6,6.1,,,,,12.2,17.6,17.1,11.0
48,Texas,2016,142952.0,71.0,2872.0,42472.0,1955.0,512.1,17.8,10.3,152.2,7.0,,,,,12.0,17.1,16.6,11.3
48,Texas,2017,151533.0,179.0,3680.0,47409.0,2233.0,535.5,46.9,13.0,167.6,7.9,,,,,11.3,16.4,17.3,12.0
48,Texas,2018,146510.0,371.0,4245.0,47231.0,2538.0,511.8,98.0,14.8,165.0,8.9,,,,,11.4,16.0,17.7,11.9
48,Texas,2019,129075.0,528.0,4065.0,44230.0,2357.0,445.1,139.8,14.0,152.5,8.1,,,,,10.5,15.4,18.4,11.5
48,Texas,2020,135124.0,561.0,5411.0,58246.0,2708.0,462.5,152.4,18.5,199.4,9.3,,,,,9.6,14.2,17.5,10.6
48,Texas,2021,149636.0,680.0,7283.0,64623.0,3865.0,506.8,182.0,24.7,218.9,13.1,,,,,11.0,14.6,18.0,9.0
49,Utah,2000,2190.0,1.0,10.0,231.0,2.0,97.6,2.1,0.4,10.3,0.1,,,,,,,,
49,Utah,2001,3004.0,0.0,0.0,219.0,11.0,131.1,0.0,0.0,9.6,0.5,,,,,,,,
49,Utah,2002,3540.0,0.0,8.0,374.0,7.0,151.6,0.0,0.3,16.0,0.3,,,,,,,,
49,Utah,2003,3893.0,0.0,7.0,412.0,14.0,163.7,0.0,0.3,17.3,0.6,,,,,,,,
49,Utah,2004,3857.0,1.0,5.0,603.0,13.0,158.2,2.0,0.2,24.7,0.5,,,,,,,,
49,Utah,2005,4602.0,0.0,7.0,727.0,10.0,184.2,0.0,0.3,29.1,0.4,,,,,,,,
49,Utah,2006,5092.0,2.0,7.0,888.0,21.0,197.2,3.7,0.3,34.4,0.8,,,,,,,,
49,Utah,2007,5721.0,0.0,2.0,821.0,20.0,214.8,0.0,0.1,30.8,0.8,,,,,,,,
49,Utah,2008,6021.0,0.0,10.0,477.0,25.0,221.0,0.0,0.4,17.5,0.9,,,,,,,,
49,Utah,2009,6145.0,0.0,7.0,341.0,31.0,221.0,0.0,0.3,12.3,1.1,,,,,,,,
49,Utah,2010,6690.0,1.0,20.0,310.0,65.0,241.1,1.9,0.7,11.2,2.3,,,,,,,,
49,Utah,2011,7086.0,0.0,8.0,277.0,14.0,251.8,0.0,0.3,9.8,0.5,,,,,10.4,9.7,15.3,11.0
49,Utah,2012,7615.0,0.0,8.0,479.0,42.0,266.9,0.0,0.3,16.8,1.5,,,,,9.6,9.0,14.5,10.1
49,Utah,2013,7535.0,0.0,47.0,951.0,74.0,260.0,0.0,1.6,32.8,2.6,,,,,9.3,8.4,14.0,10.6
49,Utah,2014,8223.0,0.0,41.0,1441.0,47.0,280.0,0.0,1.4,49.1,1.6,,,,,8.5,8.6,12.5,10.2
49,Utah,2015,8633.0,0.0,31.0,1562.0,65.0,289.5,0.0,1.0,52.4,2.2,,,,,8.3,8.5,10.5,10.3
49,Utah,2016,9457.0,0.0,61.0,2100.0,92.0,310.9,0.0,2.0,69.0,3.0,,,,,7.2,8.3,8.8,10.5
49,Utah,2017,10135.0,0.0,85.0,2543.0,117.0,326.8,0.0,2.7,82.0,3.8,,,,,6.7,7.9,9.2,10.1
49,Utah,2018,10541.0,1.0,101.0,2895.0,169.0,334.3,2.1,3.2,91.8,5.4,,,,,6.1,7.6,9.4,9.9
49,Utah,2019,11075.0,4.0,120.0,2886.0,138.0,345.5,8.5,3.7,90.0,4.3,,,,,6.1,7.0,9.7,9.7
49,Utah,2020,10466.0,1.0,81.0,3112.0,131.0,318.9,2.2,2.5,94.8,4.0,,,,,4.7,6.0,8.5,9.5
49,Utah,2021,11221.0,2.0,131.0,3621.0,205.0,336.2,4.3,3.9,108.5,6.1,,,,,5.9,6.8,9.0,7.4
50,Vermont,2000,526.0,0.0,0.0,65.0,0.0,86.3,0.0,0.0,10.7,0.0,,,,,,,,
50,Vermont,2001,638.0,0.0,1.0,76.0,3.0,104.3,0.0,0.2,12.4,0.5,,,,,,,,
50,Vermont,2002,954.0,0.0,0.0,98.0,2.0,155.2,0.0,0.0,15.9,0.3,,,,,,,,
50,Vermont,2003,1060.0,0.0,0.0,97.0,1.0,171.9,0.0,0.0,15.7,0.2,,,,,,,,
50,Vermont,2004,1137.0,0.0,0.0,86.0,1.0,183.9,0.0,0.0,13.9,0.2,,,,,,,,
50,Vermont,2005,957.0,0.0,0.0,60.0,1.0,154.7,0.0,0.0,9.7,0.2,,,,,,,,
50,Vermont,2006,1191.0,0.0,2.0,72.0,3.0,192.1,0.0,0.3,11.6,0.5,,,,,,,,
50,Vermont,2007,1057.0,0.0,1.0,64.0,10.0,170.4,0.0,0.2,10.3,1.6,,,,,,,,
50,Vermont,2008,1190.0,0.0,6.0,37.0,11.0,191.6,0.0,1.0,6.0,1.8,,,,,,,,
50,Vermont,2009,1186.0,0.0,1.0,50.0,0.0,190.8,0.0,0.2,8.0,0.0,,,,,,,,
50,Vermont,2010,1257.0,0.0,0.0,58.0,4.0,200.8,0.0,0.0,9.3,0.6,,,,,,,,
50,Vermont,2011,1483.0,0.0,1.0,48.0,9.0,236.5,0.0,0.2,7.7,1.4,,,,,6.9,8.3,6.6,20.7
50,Vermont,2012,1724.0,0.0,6.0,99.0,6.0,275.4,0.0,1.0,15.8,1.0,,,,,7.4,8.3,6.5,20.2
50,Vermont,2013,1842.0,0.0,2.0,97.0,3.0,294.2,0.0,0.3,15.5,0.5,,,,,7.8,8.5,7.2,21.8
50,Vermont,2014,2237.0,0.0,7.0,84.0,5.0,357.8,0.0,1.1,13.4,0.8,,,,,8.7,8.0,5.0,21.0
50,Vermont,2015,1901.0,0.0,6.0,155.0,9.0,304.1,0.0,1.0,24.8,1.4,,,,,5.8,8.3,3.8,22.0
50,Vermont,2016,1690.0,0.0,14.0,126.0,23.0,271.0,0.0,2.2,20.2,3.7,,,,,7.7,7.8,3.7,22.7
50,Vermont,2017,1858.0,0.0,13.0,203.0,13.0,297.6,0.0,2.1,32.5,2.1,,,,,7.0,7.4,4.6,23.5
50,Vermont,2018,1712.0,0.0,18.0,268.0,11.0,274.2,0.0,2.9,42.9,1.8,,,,,6.2,6.5,4.0,22.5
50,Vermont,2019,1718.0,0.0,11.0,175.0,11.0,275.3,0.0,1.8,28.0,1.8,,,,,5.8,6.9,4.5,22.6
50,Vermont,2020,1117.0,0.0,11.0,139.0,3.0,173.9,0.0,1.7,21.6,0.5,,,,,4.3,5.8,4.1,22.9
50,Vermont,2021,910.0,1.0,4.0,136.0,9.0,141.0,18.6,0.6,21.1,1.4,,,,,6.3,5.5,3.7,19.8
51,Virginia,2000,15352.0,7.0,140.0,10175.0,126.0,216.1,7.1,2.0,143.2,1.8,,,,,,,,
51,Virginia,2001,18337.0,3.0,133.0,11095.0,102.0,255.0,3.0,1.8,154.3,1.4,,,,,,,,
51,Virginia,2002,18518.0,1.0,94.0,10462.0,71.0,254.5,1.0,1.3,143.8,1.0,,,,,,,,
51,Virginia,2003,19439.0,1.0,74.0,9066.0,82.0,264.4,1.0,1.0,123.3,1.1,,,,,,,,
51,Virginia,2004,21635.0,6.0,108.0,8565.0,116.0,290.2,5.8,1.4,114.9,1.6,,,,,,,,
51,Virginia,2005,22668.0,3.0,148.0,8346.0,143.0,300.3,2.9,2.0,110.6,1.9,,,,,,,,
51,Virginia,2006,24087.0,3.0,165.0,6476.0,190.0,315.5,2.8,2.2,84.8,2.5,,,,,,,,
51,Virginia,2007,24579.0,1.0,177.0,6269.0,230.0,319.0,0.9,2.3,81.4,3.0,,,,,,,,
51,Virginia,2008,31218.0,4.0,238.0,10337.0,266.0,401.2,3.7,3.1,132.9,3.4,,,,,,,,
51,Virginia,2009,30903.0,2.0,233.0,7789.0,299.0,393.0,1.9,3.0,99.1,3.8,,,,,,,,
51,Virginia,2010,30797.0,1.0,275.0,7402.0,279.0,383.8,1.0,3.4,92.3,3.5,,,,,,,,
51,Virginia,2011,36314.0,0.0,289.0,6518.0,213.0,448.3,0.0,3.6,80.5,2.6,,,,,8.2,12.1,12.5,11.7
51,Virginia,2012,34963.0,1.0,303.0,6885.0,285.0,427.2,1.0,3.7,84.1,3.5,,,,,8.6,12.1,12.5,10.6
51,Virginia,2013,33316.0,3.0,354.0,6952.0,315.0,403.7,2.9,4.3,84.2,3.8,,,,,8.4,11.6,12.3,10.5
51,Virginia,2014,36048.0,2.0,274.0,8250.0,289.0,433.7,1.9,3.3,99.3,3.5,,,,,8.3,11.5,10.9,10.5
51,Virginia,2015,35349.0,3.0,410.0,8099.0,334.0,422.7,2.9,4.9,96.9,4.0,,,,,7.8,11.1,9.1,10.4
51,Virginia,2016,39666.0,8.0,602.0,11084.0,459.0,471.6,7.8,7.2,131.8,5.5,,,,,7.6,10.7,8.7,10.6
51,Virginia,2017,42374.0,12.0,659.0,12596.0,536.0,500.7,12.0,7.8,148.8,6.3,,,,,7.1,10.3,8.8,11.2
51,Virginia,2018,42965.0,10.0,668.0,11776.0,702.0,505.4,10.0,7.9,138.5,8.3,,,,,7.1,10.1,8.8,10.3
51,Virginia,2019,48169.0,11.0,679.0,13840.0,659.0,564.3,11.3,8.0,162.1,7.7,,,,,6.5,10.0,7.9,10.4
51,Virginia,2020,40965.0,15.0,646.0,15217.0,701.0,474.6,15.8,7.5,176.3,8.1,,,,,5.8,8.6,7.2,10.4
51,Virginia,2021,40409.0,18.0,642.0,14323.0,745.0,467.6,18.8,7.4,165.7,8.6,,,,,6.9,8.6,6.8,8.8
53,Washington,2000,13066.0,0.0,20.0,2418.0,66.0,221.0,0.0,0.3,40.9,1.1,,,,,,,,
53,Washington,2001,13631.0,0.0,19.0,2991.0,57.0,227.6,0.0,0.3,49.9,1.0,,,,,,,,
53,Washington,2002,14934.0,2.0,23.0,2925.0,70.0,246.6,2.5,0.4,48.3,1.2,,,,,,,,
53,Washington,2003,16797.0,0.0,36.0,2753.0,82.0,275.0,0.0,0.6,45.1,1.3,,,,,,,,
53,Washington,2004,17635.0,0.0,51.0,2810.0,150.0,285.3,0.0,0.8,45.5,2.4,,,,,,,,
53,Washington,2005,18616.0,0.0,63.0,3739.0,152.0,297.4,0.0,1.0,59.7,2.4,,,,,,,,
53,Washington,2006,17819.0,0.0,81.0,4231.0,182.0,279.7,0.0,1.3,66.4,2.9,,,,,,,,
53,Washington,2007,18784.0,2.0,76.0,3653.0,154.0,290.6,2.2,1.2,56.5,2.4,,,,,,,,
53,Washington,2008,21402.0,0.0,98.0,3127.0,181.0,325.9,0.0,1.5,47.6,2.8,,,,,,,,
53,Washington,2009,21387.0,1.0,64.0,2285.0,139.0,320.6,1.1,1.0,34.2,2.1,,,,,,,,
53,Washington,2010,21348.0,1.0,109.0,2864.0,266.0,316.6,1.2,1.6,42.5,3.9,,,,,,,,
53,Washington,2011,23280.0,2.0,146.0,2737.0,328.0,341.0,2.3,2.1,40.1,4.8,,,,,9.4,9.8,14.2,9.5
53,Washington,2012,24596.0,0.0,181.0,3238.0,302.0,356.6,0.0,2.6,46.9,4.4,,,,,9.3,9.6,13.9,9.5
53,Washington,2013,24950.0,0.0,204.0,4369.0,284.0,358.3,0.0,2.9,62.7,4.1,,,,,9.5,9.9,14.0,9.7
53,Washington,2014,26577.0,2.0,198.0,6221.0,344.0,376.7,2.3,2.8,88.2,4.9,,,,,8.8,9.5,9.2,9.6
53,Washington,2015,28699.0,5.0,293.0,7171.0,445.0,400.6,5.6,4.1,100.1,6.2,,,,,7.9,9.1,6.6,8.8
53,Washington,2016,31254.0,3.0,446.0,8174.0,565.0,428.4,3.3,6.1,112.1,7.7,,,,,7.1,9.1,6.0,8.5
53,Washington,2017,32231.0,6.0,588.0,9915.0,677.0,434.2,6.9,7.9,133.6,9.1,,,,,7.1,8.7,6.1,8.5
53,Washington,2018,34449.0,6.0,599.0,11207.0,802.0,457.9,7.0,8.0,149.0,10.7,,,,,6.3,8.4,6.4,8.0
53,Washington,2019,37795.0,17.0,721.0,11736.0,816.0,496.3,20.0,9.5,154.1,10.7,,,,,6.2,8.3,6.6,8.2
53,Washington,2020,31181.0,10.0,617.0,11667.0,836.0,404.0,12.0,8.0,151.2,10.8,,,,,6.1,7.9,6.3,7.9
53,Washington,2021,29632.0,53.0,866.0,11231.0,1506.0,382.9,63.2,11.2,145.1,19.5,,,,,6.5,7.7,6.4,7.2
54,West Virginia,2000,2143.0,0.0,3.0,645.0,3.0,118.6,0.0,0.2,35.7,0.2,,,,,,,,
54,West Virginia,2001,2361.0,0.0,1.0,729.0,5.0,131.3,0.0,0.1,40.5,0.3,,,,,,,,
54,West Virginia,2002,2464.0,0.0,1.0,974.0,2.0,136.9,0.0,0.1,54.1,0.1,,,,,,,,
54,West Virginia,2003,2585.0,0.0,2.0,847.0,2.0,143.4,0.0,0.1,47.0,0.1,,,,,,,,
54,West Virginia,2004,2758.0,0.0,9.0,892.0,3.0,152.9,0.0,0.5,49.5,0.2,,,,,,,,
54,West Virginia,2005,2944.0,0.0,3.0,770.0,3.0,163.2,0.0,0.2,42.7,0.2,,,,,,,,
54,West Virginia,2006,2910.0,0.0,6.0,953.0,11.0,160.9,0.0,0.3,52.7,0.6,,,,,,,,
54,West Virginia,2007,3168.0,1.0,9.0,930.0,6.0,174.8,4.5,0.5,51.3,0.3,,,,,,,,
54,West Virginia,2008,3316.0,1.0,16.0,746.0,13.0,182.6,4.7,0.9,41.1,0.7,,,,,,,,
54,West Virginia,2009,3604.0,0.0,8.0,475.0,8.0,197.9,0.0,0.4,26.1,0.4,,,,,,,,
54,West Virginia,2010,3876.0,0.0,4.0,579.0,6.0,209.0,0.0,0.2,31.2,0.3,,,,,,,,
54,West Virginia,2011,4295.0,0.0,0.0,796.0,4.0,231.4,0.0,0.0,42.9,0.2,,,,,13.7,15.8,14.9,16.6
54,West Virginia,2012,4790.0,0.0,10.0,831.0,8.0,258.0,0.0,0.5,44.8,0.4,,,,,12.9,15.5,14.4,16.0
54,West Virginia,2013,5139.0,0.0,10.0,1063.0,15.0,277.2,0.0,0.5,57.3,0.8,,,,,13.5,15.4,14.0,16.0
54,West Virginia,2014,4719.0,0.0,23.0,841.0,28.0,255.2,0.0,1.2,45.5,1.5,,,,,13.1,14.9,8.6,16.9
54,West Virginia,2015,4958.0,0.0,40.0,769.0,52.0,269.2,0.0,2.2,41.7,2.8,,,,,13.5,14.0,6.0,17.1
54,West Virginia,2016,4821.0,2.0,51.0,919.0,53.0,263.3,10.5,2.8,50.2,2.9,,,,,12.9,14.0,5.3,18.6
54,West Virginia,2017,4140.0,3.0,34.0,1296.0,62.0,227.8,16.1,1.9,71.3,3.4,,,,,14.1,12.9,6.1,19.8
54,West Virginia,2018,3599.0,1.0,55.0,1143.0,65.0,199.5,5.5,3.0,63.3,3.6,,,,,13.0,12.2,6.4,17.8
54,West Virginia,2019,5609.0,6.0,83.0,1771.0,79.0,313.0,33.1,4.6,98.8,4.4,,,,,11.1,12.9,6.7,18.6
54,West Virginia,2020,5431.0,9.0,111.0,1780.0,127.0,303.4,52.0,6.2,99.5,7.1,,,,,10.9,10.9,6.6,18.1
54,West Virginia,2021,5226.0,15.0,99.0,1639.0,212.0,293.1,87.2,5.6,91.9,11.9,,,,,12.3,11.2,6.1,15.9
55,Wisconsin,2000,16365.0,4.0,72.0,7013.0,48.0,304.5,5.8,1.3,130.5,0.9,,,,,,,,
55,Wisconsin,2001,16291.0,2.0,43.0,6014.0,22.0,301.2,2.9,0.8,111.2,0.4,,,,,,,,
55,Wisconsin,2002,17000.0,1.0,66.0,6341.0,30.0,312.1,1.5,1.2,116.4,0.6,,,,,,,,
55,Wisconsin,2003,17942.0,0.0,54.0,5663.0,16.0,327.4,0.0,1.0,103.3,0.3,,,,,,,,
55,Wisconsin,2004,19217.0,1.0,55.0,5053.0,29.0,348.6,1.4,1.0,91.7,0.5,,,,,,,,
55,Wisconsin,2005,20461.0,2.0,58.0,5869.0,41.0,369.2,2.8,1.0,105.9,0.7,,,,,,,,
55,Wisconsin,2006,20190.0,0.0,60.0,6927.0,68.0,362.4,0.0,1.1,124.3,1.2,,,,,,,,
55,Wisconsin,2007,19555.0,1.0,91.0,6752.0,66.0,349.1,1.4,1.6,120.5,1.2,,,,,,,,
55,Wisconsin,2008,20996.0,1.0,78.0,6087.0,65.0,373.1,1.4,1.4,108.2,1.2,,,,,,,,
55,Wisconsin,2009,20906.0,0.0,66.0,5201.0,44.0,370.0,0.0,1.2,92.0,0.8,,,,,,,,
55,Wisconsin,2010,23236.0,1.0,52.0,5091.0,49.0,408.3,1.5,0.9,89.5,0.9,,,,,,,,
55,Wisconsin,2011,24619.0,1.0,57.0,4789.0,65.0,431.5,1.5,1.0,83.9,1.1,,,,,8.8,9.7,9.0,13.6
55,Wisconsin,2012,23726.0,0.0,86.0,4704.0,91.0,414.8,0.0,1.5,82.2,1.6,,,,,8.9,9.2,9.0,13.1
55,Wisconsin,2013,23572.0,0.0,62.0,4599.0,95.0,410.9,0.0,1.1,80.2,1.7,,,,,9.2,9.1,9.1,13.1
55,Wisconsin,2014,23154.0,0.0,91.0,4078.0,86.0,402.6,0.0,1.6,70.9,1.5,,,,,9.0,8.7,7.3,12.9
55,Wisconsin,2015,24381.0,0.0,95.0,5260.0,79.0,423.2,0.0,1.6,91.3,1.4,,,,,7.9,8.6,5.7,12.7
55,Wisconsin,2016,26894.0,1.0,150.0,6498.0,132.0,465.9,1.5,2.6,112.6,2.3,,,,,7.7,8.1,5.3,12.8
55,Wisconsin,2017,27740.0,3.0,199.0,7661.0,173.0,479.1,4.6,3.4,132.3,3.0,,,,,7.1,7.6,5.4,12.8
55,Wisconsin,2018,28027.0,1.0,163.0,7882.0,152.0,482.6,1.6,2.8,135.7,2.6,,,,,7.0,7.9,5.5,12.5
55,Wisconsin,2019,29080.0,2.0,193.0,8846.0,179.0,499.4,3.2,3.3,151.9,3.1,,,,,6.2,7.2,5.7,12.4
55,Wisconsin,2020,26564.0,7.0,230.0,10346.0,366.0,450.8,11.6,3.9,175.6,6.2,,,,,6.0,6.9,5.6,12.6
55,Wisconsin,2021,27847.0,15.0,375.0,10455.0,723.0,472.3,24.3,6.4,177.3,12.3,,,,,6.8,6.7,5.4,10.9
56,Wyoming,2000,807.0,0.0,0.0,53.0,1.0,163.4,0.0,0.0,10.7,0.2,,,,,,,,
56,Wyoming,2001,839.0,0.0,0.0,77.0,1.0,170.2,0.0,0.0,15.6,0.2,,,,,,,,
56,Wyoming,2002,944.0,0.0,0.0,65.0,0.0,190.0,0.0,0.0,13.1,0.0,,,,,,,,
56,Wyoming,2003,960.0,0.0,1.0,46.0,0.0,192.4,0.0,0.2,9.2,0.0,,,,,,,,
56,Wyoming,2004,1082.0,0.0,0.0,59.0,3.0,215.2,0.0,0.0,11.7,0.6,,,,,,,,
56,Wyoming,2005,1173.0,0.0,0.0,87.0,0.0,231.8,0.0,0.0,17.2,0.0,,,,,,,,
56,Wyoming,2006,1422.0,0.0,0.0,120.0,0.0,277.4,0.0,0.0,23.4,0.0,,,,,,,,
56,Wyoming,2007,1197.0,0.0,0.0,81.0,4.0,228.8,0.0,0.0,15.5,0.8,,,,,,,,
56,Wyoming,2008,1577.0,0.0,1.0,124.0,3.0,296.1,0.0,0.2,23.3,0.6,,,,,,,,
56,Wyoming,2009,1963.0,0.0,0.0,74.0,3.0,360.6,0.0,0.0,13.6,0.6,,,,,,,,
56,Wyoming,2010,2113.0,0.0,3.0,40.0,0.0,374.3,0.0,0.5,7.1,0.0,,,,,,,,
56,Wyoming,2011,2092.0,0.0,0.0,46.0,0.0,368.8,0.0,0.0,8.1,0.0,,,,,7.9,8.0,15.4,16.2
56,Wyoming,2012,2102.0,0.0,2.0,44.0,4.0,364.7,0.0,0.3,7.6,0.7,,,,,8.5,8.3,15.4,15.7
56,Wyoming,2013,2005.0,0.0,1.0,66.0,1.0,344.4,0.0,0.2,11.3,0.2,,,,,8.4,6.5,13.4,15.6
56,Wyoming,2014,1972.0,0.0,1.0,116.0,4.0,338.5,0.0,0.2,19.9,0.7,,,,,7.4,7.5,12.0,13.3
56,Wyoming,2015,2037.0,0.0,1.0,175.0,5.0,347.8,0.0,0.2,29.9,0.9,,,,,6.7,7.8,11.5,15.0
56,Wyoming,2016,2060.0,0.0,5.0,275.0,7.0,352.6,0.0,0.9,47.1,1.2,,,,,6.3,6.9,11.5,17.4
56,Wyoming,2017,2142.0,0.0,4.0,412.0,4.0,370.0,0.0,0.7,71.2,0.7,,,,,7.6,7.1,12.3,18.4
56,Wyoming,2018,2169.0,0.0,11.0,311.0,23.0,375.5,0.0,1.9,53.8,4.0,,,,,7.1,6.7,10.5,17.4
56,Wyoming,2019,2189.0,0.0,10.0,448.0,11.0,378.2,0.0,1.7,77.4,1.9,,,,,6.6,5.5,12.3,16.8
56,Wyoming,2020,1961.0,1.0,6.0,392.0,11.0,339.7,16.3,1.0,67.9,1.9,,,,,5.3,6.2,11.3,15.9
56,Wyoming,2021,2078.0,0.0,10.0,523.0,16.0,359.0,0.0,1.7,90.4,2.8,,,,,7.8,6.4,12.2,11.5
